Activity ID,Activity Date,Activity Name,Activity Type,Activity Description,Elapsed Time,Distance,Max Heart Rate,Relative Effort,Commute,Activity Private Note,Activity Gear,Filename,Athlete Weight,Bike Weight,Elapsed Time,Moving Time,Distance,Max Speed,Average Speed,Elevation Gain,Elevation Loss,Elevation Low,Elevation High,Max Grade,Average Grade,Average Positive Grade,Average Negative Grade,Max Cadence,Average Cadence,Max Heart Rate,Average Heart Rate,Max Watts,Average Watts,Calories,Max Temperature,Average Temperature,Relative Effort,Total Work,Number of Runs,Uphill Time,Downhill Time,Other Time,Perceived Exertion,Type,Start Time,Weighted Average Power,Power Count,Prefer Perceived Exertion,Perceived Relative Effort,Commute,Total Weight Lifted,From Upload,Grade Adjusted Distance,Weather Observation Time,Weather Condition,Weather Temperature,Apparent Temperature,Dewpoint,Humidity,Weather Pressure,Wind Speed,Wind Gust,Wind Bearing,Precipitation Intensity,Sunrise Time,Sunset Time,Moon Phase,Bike,Gear,Precipitation Probability,Precipitation Type,Cloud Cover,Weather Visibility,UV Index,Weather Ozone,Jump Count,Total Grit,Average Flow,Flagged,Average Elapsed Speed,Dirt Distance,Newly Explored Distance,Newly Explored Dirt Distance,Activity Count,Total Steps,Carbon Saved,Pool Length,Training Load,Intensity,Average Grade Adjusted Pace,Timer Time,Total Cycles,Recovery,With Pet,Competition,Long Run,For a Cause,With Kid,Downhill Distance,Total Sets,Total Reps,Media
18406936408,"May 7, 2026, 12:09:41 AM",Evening Weight Training,Weight Training,"",6113,0,170.0,12,false,,,activities/19511490456.fit.gz,,,6113.0,6113.0,0.0,0.0,0.0,0.0,0.0,0.0,0.0,0.0,0.0,,,,,170.0,92.0,,,423.0,,,12.0,,,,,,,,,,,,,0.0,,1.0,,,,,,,,,,,,,,,,,,,,,,,,,,,,0.0,0.0,,,,,0.0,,,,,,,,0.0,,,,,,,,""
18392603879,"May 5, 2026, 10:48:55 PM",Evening Weight Training,Weight Training,"It’s brown boy summer. 

In sucks that’s I’m back in school",3478,0,160.0,9,false,,,activities/19497056357.fit.gz,,,3478.0,3478.0,0.0,0.0,0.0,0.0,0.0,0.0,0.0,0.0,0.0,,,,,160.0,106.0,,,335.0,,,9.0,,,,,,,,,,,,,0.0,,1.0,,,,,,,,,,,,,,,,,,,,,,,,,,,,0.0,0.0,,,,,0.0,,,,,,,0.0,0.0,,,,0.0,,,,media/5B76914D-86E3-439A-8B40-470EC7804E0A.jpg
18380254172,"May 4, 2026, 11:58:32 PM",Evening Workout,Workout,"",1845,0,136.0,6,false,,,activities/19484617041.fit.gz,,,1845.0,1845.0,0.0,0.0,0.0,0.0,0.0,0.0,0.0,0.0,0.0,,,,,136.0,120.0,,,206.0,,,6.0,,,,,,,,,,,,,0.0,,1.0,,,,,,,,,,,,,,,,,,,,,,,,,,,,0.0,0.0,,,,,0.0,,,,,,,0.0,0.0,,,,0.0,,,,""
18378761824,"May 4, 2026, 10:13:11 PM",First proper summer day,Run,Went for a run to burn some calories the drank it all back,3867,7.34,,,false,,Nike React X Infinity Run 4,activities/18378761824.gpx,,,3867.0,2931.0,7343.2,5.29,2.505,20.0,38.6,76.4,102.7,12.8,-0.3,,,,,,,,,659.0,,,,,,,,,,,,,,,,0.0,,1.0,7345.2,,,,,,,,,,,,,,,,24519693.0,,,,,,,,,,,1.899,560.8,,,,6884.0,0.0,,,,2.506,,,,,,,,,,,,media/F2147A59-72A2-4FC5-AE8A-C97FFB86DC1B.mp4|media/39F778B6-013A-4DAF-B4A2-88B50E05B093.mp4|media/B17EB4A0-927D-437C-8D4F-502200051A73.mp4
18378776863,"May 4, 2026, 10:13:04 PM",Evening Run,Run,,5660,8.03,193.0,164,false,,Nike React X Infinity Run 4,activities/19483131428.fit.gz,,,5660.0,3633.0,8031.0,4.217,2.211,23.6,42.2,76.4,102.7,7.3,-0.2,,,81.0,69.0,193.0,175.0,,,898.0,,,164.0,,,,,,,,,,,,,0.0,,1.0,8029.4,,,,,,,,,,,,,,,,24519693.0,,,,,,,,,,,1.419,619.7,,,,9008.0,0.0,,,,2.21,,,,,,,,,,,,""
18339326208,"May 1, 2026, 9:49:35 PM",Afternoon Weight Training,Weight Training,"",7257,0,165.0,15,false,,,activities/19443169965.fit.gz,,,7257.0,7257.0,0.0,0.0,0.0,0.0,0.0,0.0,0.0,0.0,0.0,,,,,165.0,95.0,,,542.0,,,15.0,,,,,,,,,,,,,0.0,,1.0,,,,,,,,,,,,,,,,,,,,,,,,,,,,0.0,0.0,,,,,0.0,,,,,,,0.0,0.0,,,,0.0,,,,""
18311458461,"Apr 29, 2026, 7:54:35 PM",Afternoon Weight Training,Weight Training,,3275,0,118.0,6,false,,,activities/19415044504.fit.gz,,,3275.0,3275.0,0.0,0.0,0.0,0.0,0.0,0.0,0.0,0.0,0.0,,,,,118.0,90.0,,,213.0,,,6.0,,,,,,,,,,,,,0.0,,1.0,,,,,,,,,,,,,,,,,,,,,,,,,,,,0.0,0.0,,,,,0.0,,,,,,,0.0,0.0,,,,0.0,,,,""
18300671009,"Apr 28, 2026, 11:58:54 PM",Evening Weight Training,Weight Training,"",7366,0.60,135.0,15,false,,,activities/19404162090.fit.gz,,,7366.0,7366.0,603.0,0.0,0.082,0.0,75.0,0.0,0.0,0.0,0.0,,,,,135.0,94.0,,,35.0,,,15.0,,,,,,,,,,,,,0.0,,1.0,,,,,,,,,,,,,,,,,,,,,,,,,,,,0.082,0.0,,,,,0.0,,,,,,870.0,0.0,0.0,,,,0.0,,,,""
18259055332,"Apr 25, 2026, 11:31:56 PM",Evening Run,Run,"",5165,2.01,183.0,15,false,,Nike React X Infinity Run 4,activities/19362172029.fit.gz,,,5165.0,839.0,2016.8,11.104,2.404,18.0,19.2,153.3,160.9,48.0,0.0,,,85.0,64.0,183.0,153.0,,,174.0,,,15.0,,,,,,,,,,,,,0.0,,1.0,2178.8,,,,,,,,,,,,,,,,24519693.0,,,,,,,,,,,0.39,0.0,,,,1888.0,0.0,,,,2.597,,,0.0,0.0,,,,0.0,,,,""
18258484964,"Apr 25, 2026, 11:31:30 PM",Still cold,Run,"",814,1.48,,,false,,Nike React X Infinity Run 4,activities/18258484964.gpx,,,814.0,546.0,1482.1,4.22,2.714,16.2,15.3,153.3,160.9,48.0,0.0,,,,,,,,,147.0,,,,,,,,,,,,,,,,0.0,,1.0,1642.7,,,,,,,,,,,,,,,,24519693.0,,,,,,,,,,,1.821,0.0,,,,1284.0,0.0,,,,3.009,,,,,,,,,,,,media/25E17163-573A-456C-8307-202229F0EF08.jpg
18226876690,"Apr 23, 2026, 2:44:49 PM",Morning Ride,Ride,,1871,5.93,166.0,8,false,,,activities/19329694254.fit.gz,,9.0,1871.0,1733.0,5936.3,12.595,3.425,17.0,65.9,111.6,161.0,4.4,-0.8,,,,,166.0,127.0,,57.0,247.0,,,8.0,,,,,,,,,,,,,0.0,,1.0,,,,,,,,,,,,,,,,,,,,,,,,,,,,3.173,0.0,,,,,0.0,,,,,,,,,,,,,,,,""
18173785930,"Apr 19, 2026, 2:15:41 PM",Morning Workout,Workout,"",1806,0,181.0,8,false,,,activities/19276233649.fit.gz,,,1806.0,1806.0,0.0,0.0,0.0,0.0,0.0,0.0,0.0,0.0,0.0,,,,,181.0,127.0,,,220.0,,,8.0,,,,,,,,,,,,,0.0,,1.0,,,,,,,,,,,,,,,,,,,,,,,,,,,,0.0,0.0,,,,,0.0,,,,,,,0.0,0.0,,,,0.0,,,,""
18149180664,"Apr 17, 2026, 7:20:55 PM",Afternoon Workout,Workout,,523,0,142.0,2,false,,,activities/19251331807.fit.gz,,,523.0,523.0,0.0,0.0,0.0,0.0,0.0,0.0,0.0,0.0,0.0,,,,,142.0,129.0,,,47.0,,,2.0,,,,,,,,,,,,,0.0,,1.0,,,,,,,,,,,,,,,,,,,,,,,,,,,,0.0,0.0,,,,,0.0,,,,,,,0.0,0.0,,,,0.0,,,,""
18139726587,"Apr 17, 2026, 1:02:51 AM",Night Weight Training,Weight Training,,2228,0,138.0,5,false,,,activities/19241795308.fit.gz,,,2228.0,2228.0,0.0,0.0,0.0,0.0,0.0,0.0,0.0,0.0,0.0,,,,,138.0,104.0,,,206.0,,,5.0,,,,,,,,,,,,,0.0,,1.0,,,,,,,,,,,,,,,,,,,,,,,,,,,,0.0,0.0,,,,,0.0,,,,,,,0.0,0.0,,,,0.0,,,,""
18112080415,"Apr 14, 2026, 11:38:38 PM",Running in Circles,Run,"",1173,3.02,,,false,,Nike React X Infinity Run 4,activities/18112080415.gpx,,,1173.0,1173.0,3023.9,3.9,2.578,0.0,0.0,158.1,160.0,4.3,-0.1,,,,,,,,,273.0,,,,,,,,,7.0,,,,,0.0,37.0,0.0,,1.0,3038.4,,,,,,,,,,,,,,,,24519693.0,,,,,,,,,,,2.578,0.0,,,,2924.0,0.0,,,,2.59,,,,,,,,,,,,media/AE01CDCF-0678-4A04-B4E4-9B13ECCD40A2.jpg|media/8893A213-4561-4C1D-9219-A751CB362BD5.jpg
18112141550,"Apr 14, 2026, 11:38:28 PM",Evening Run,Run,"",1564,3.27,204.0,56,false,,Nike React X Infinity Run 4,activities/19214004184.fit.gz,,,1564.0,1451.0,3273.7,3.75,2.256,0.0,0.0,158.1,160.0,15.4,0.0,,,80.0,74.0,204.0,172.0,,,337.0,,,56.0,,,,,,,,,,,,,0.0,,1.0,3293.4,,,,,,,,,,,,,,,,24519693.0,,,,,,,,,,,2.093,0.0,,,,3612.0,0.0,,,,2.27,,,0.0,0.0,,,,0.0,,,,""
18098782726,"Apr 14, 2026, 12:16:29 AM",Evening Weight Training,Weight Training,,3475,0,133.0,7,false,,,activities/19200567483.fit.gz,,,3475.0,3475.0,0.0,0.0,0.0,0.0,0.0,0.0,0.0,0.0,0.0,,,,,133.0,94.0,,,251.0,,,7.0,,,,,,,,,,,,,0.0,,1.0,,,,,,,,,,,,,,,,,,,,,,,,,,,,0.0,0.0,,,,,0.0,,,,,,,0.0,0.0,,,,0.0,,,,""
18085968693,"Apr 12, 2026, 11:32:55 PM",Run towards the parking lot,Run,"",722,1.52,,,false,,Nike React X Infinity Run 4,activities/18085968693.gpx,,,722.0,547.0,1520.5,7.22,2.78,12.0,8.0,162.4,172.4,5.7,0.2,,,,,,,,,138.0,,,,,,,,,,,,,,,,0.0,,1.0,1535.4,,,,,,,,,,,,,,,,24519693.0,,,,,,,,,,,2.106,0.0,,,,1336.0,0.0,,,,2.807,,,,,,,,,,,,media/74664B84-0355-42A8-BC8A-D1FA4FFF6DE6.jpg|media/AC0131F5-F809-41C1-9EAD-6E1935A1D310.jpg|media/F641698A-76CB-46EC-89DA-A157B11DCEBA.jpg
18085970636,"Apr 12, 2026, 11:32:52 PM",Evening Run,Run,"",910,1.72,196.0,28,false,,Nike React X Infinity Run 4,activities/19187674956.fit.gz,,,910.0,737.0,1724.6,3.816,2.34,11.9,8.0,162.4,172.4,5.0,0.2,,,81.0,65.0,196.0,172.0,,,186.0,,,28.0,,,,,,,,,,,,,0.0,,1.0,1738.6,,,,,,,,,,,,,,,,24519693.0,,,,,,,,,,,1.895,0.0,,,,1872.0,0.0,,,,2.359,,,0.0,0.0,,,,0.0,,,,""
18032600880,"Apr 8, 2026, 7:25:19 PM",Afternoon Weight Training,Weight Training,"",3614,0,187.0,8,false,,,activities/19133743240.fit.gz,,,3614.0,3614.0,0.0,0.0,0.0,0.0,0.0,0.0,0.0,0.0,0.0,,,,,187.0,93.0,,,254.0,,,8.0,,,,,,,,,,,,,0.0,,1.0,,,,,,,,,,,,,,,,,,,,,,,,,,,,0.0,0.0,,,,,0.0,,,,,,,0.0,0.0,,,,0.0,,,,""
18020943152,"Apr 7, 2026, 10:47:44 PM",Evening Weight Training,Weight Training,"",7578,0,139.0,13,false,,,activities/19121862860.fit.gz,,,7578.0,7578.0,0.0,0.0,0.0,0.0,0.0,0.0,0.0,0.0,0.0,,,,,139.0,88.0,,,453.0,,,13.0,,,,,,,,,,,,,0.0,,1.0,,,,,,,,,,,,,,,,,,,,,,,,,,,,0.0,0.0,,,,,0.0,,,,,,,0.0,0.0,,,,0.0,,,,""
17980170554,"Apr 4, 2026, 7:18:19 PM",Afternoon Workout,Workout,,6551,0,165.0,22,false,,,activities/19080576322.fit.gz,,,6551.0,6551.0,0.0,0.0,0.0,0.0,0.0,0.0,0.0,0.0,0.0,,,,,165.0,121.0,,,811.0,,,22.0,,,,,,,,,,,,,0.0,,1.0,,,,,,,,,,,,,,,,,,,,,,,,,,,,0.0,0.0,,,,,0.0,,,,,,,,,,,,,,,,""
17943921509,"Apr 1, 2026, 10:47:08 PM",Evening Weight Training,Weight Training,Empowerment,2055,0,180.0,7,false,,,activities/19044022103.fit.gz,,,2055.0,2055.0,0.0,0.0,0.0,0.0,0.0,0.0,0.0,0.0,0.0,,,,,180.0,113.0,,,226.0,,,7.0,,,,,,,,,,,,,0.0,,1.0,,,,,,,,,,,,,,,,,,,,,,,,,,,,0.0,0.0,,,,,0.0,,,,,,,0.0,0.0,,,,0.0,,,,media/B665820B-B1FA-426E-AF7C-AF377311C41A.jpg
17942914416,"Apr 1, 2026, 9:08:23 PM",Afternoon Run,Run,"",560,1.36,189.0,15,false,,Nike React X Infinity Run 4,activities/19043015017.fit.gz,,,560.0,483.0,1366.8,12.537,2.83,0.0,12.0,90.1,102.5,5.7,-0.9,,,84.0,74.0,189.0,165.0,,,111.0,,,15.0,,,,,,,,,,,,,0.0,,1.0,1346.7,,,,,,,,,,,,,,,,24519693.0,,,,,,,,,,,2.441,0.0,,,,1292.0,0.0,,,,2.788,,,0.0,0.0,,,,0.0,,,,""
17942917714,"Apr 1, 2026, 9:08:10 PM",Why it still so cold,Run,"",541,1.38,,,false,,Nike React X Infinity Run 4,activities/17942917714.gpx,,,541.0,457.0,1388.6,6.92,3.039,0.0,12.1,89.3,102.5,3.3,-1.0,,,,,,,,,122.0,,,,,,,,,,,,,,,,0.0,,1.0,1365.1,,,,,,,,,,,,,,,,24519693.0,,,,,,,,,,,2.567,0.0,,,,1182.0,0.0,,,,2.987,,,,,,,,,,,,media/F22E40C2-F5DC-4CC5-B3F9-3E61E710FF89.jpg
17845460946,"Mar 23, 2026, 7:10:00 PM",Afternoon Walk,Walk,"",900,0,,,false,,Nike React X Infinity Run 4,,,,900.0,900.0,0.0,,0.0,,,,,,0.0,,,,,,,,,0.0,,,,,,,,,,,,,,,,0.0,,0.0,,,,,,,,,,,,,,,,,24519693.0,,,,,,,,,,,0.0,0.0,,,,,0.0,,,,,,,0.0,0.0,,,,0.0,,,,""
17807132609,"Mar 21, 2026, 6:15:37 PM",Afternoon Workout,Workout,"",1150,0,134.0,3,false,,,activities/18906309847.tcx.gz,,,1150.0,1150.0,0.0,0.0,0.0,0.0,0.0,0.0,0.0,0.0,0.0,,,73.0,50.0,134.0,116.0,,,68.0,,,3.0,,,,,,,,,,,,,0.0,,1.0,,,,,,,,,,,,,,,,,,,,,,,,,,,,0.0,0.0,,,,,0.0,,,,,,,0.0,0.0,,,,0.0,,,,""
17711234115,"Mar 13, 2026, 6:02:17 PM",Afternoon Weight Training,Weight Training,We back from getting sick,3913,0,117.0,6,false,,,activities/18809782433.tcx.gz,,,3913.0,3913.0,0.0,0.0,0.0,0.0,0.0,0.0,0.0,0.0,0.0,,,,,117.0,85.0,,,211.0,,,6.0,,,,,,,,,,,,,0.0,,1.0,,,,,,,,,,,,,,,,,,,,,,,,,,,,0.0,0.0,,,,,0.0,,,,,,,0.0,0.0,,,,0.0,,,,media/5C39E116-EA6D-4B09-ACF9-D6CD0339040F.jpg
17711234111,"Mar 13, 2026, 5:22:33 PM",Afternoon Weight Training,Weight Training,,2218,0,145.0,4,false,,,activities/18809782441.tcx.gz,,,2218.0,2218.0,0.0,0.0,0.0,0.0,0.0,0.0,0.0,0.0,0.0,,,,,145.0,94.0,,,165.0,,,4.0,,,,,,,,,,,,,0.0,,1.0,,,,,,,,,,,,,,,,,,,,,,,,,,,,0.0,0.0,,,,,0.0,,,,,,,,,,,,,,,,""
17613643314,"Mar 5, 2026, 2:06:09 PM",Morning Workout,Workout,"",1104,0,149.0,4,false,,,activities/18711565497.tcx.gz,,,1104.0,1104.0,0.0,0.0,0.0,0.0,0.0,0.0,0.0,0.0,0.0,,,73.0,48.0,149.0,133.0,,,86.0,,,4.0,,,,,,,,,,,,,0.0,,1.0,,,,,,,,,,,,,,,,,,,,,,,,,,,,0.0,0.0,,,,,0.0,,,,,,,0.0,0.0,,,,0.0,,,,""
17583248714,"Mar 3, 2026, 1:36:05 AM","Jefit - Upper Legs, Chest, Shoulders",Weight Training,"4 Exercises performed, 8080 lbs weight lifted
Machine Leg Press
Set 1: 100 lbs x 12
Set 2: 120 lbs x 12
Set 3: 100 lbs x 12
Barbell Bench Press
Set 1: 85 lbs x 10
Set 2: 85 lbs x 12
Set 3: 85 lbs x 10
Dumbbell Bench Press
Set 1: 30 lbs x 10
Set 2: 30 lbs x 12
Dumbbell Lateral Raise
Set 1: 10 lbs x 10",4260,0,,,false,,,,,,4260.0,4260.0,0.0,,0.0,,,,,,0.0,,,,,,,,,,,,,,,,,,,,,,,,,0.0,,0.0,,,,,,,,,,,,,,,,,,,,,,,,,,,,0.0,0.0,,,,,0.0,,,,,,,,,,,,,,,,""
17583368193,"Mar 3, 2026, 1:19:37 AM",Evening Weight Training,Weight Training,,6954,0,162.0,17,false,,,activities/18681228321.tcx.gz,,,6954.0,6954.0,0.0,0.0,0.0,0.0,0.0,0.0,0.0,0.0,0.0,,,,,162.0,103.0,,,626.0,,,17.0,,,,,,,,,,,,,0.0,,1.0,,,,,,,,,,,,,,,,,,,,,,,,,,,,0.0,0.0,,,,,0.0,,,,,,,,,,,,,,,,""
17545509666,"Feb 27, 2026, 8:12:57 PM",Afternoon Weight Training,Weight Training,"",3705,0,185.0,12,false,,,activities/18643049437.tcx.gz,,,3705.0,3705.0,0.0,0.0,0.0,0.0,0.0,0.0,0.0,0.0,0.0,,,,,185.0,106.0,,,355.0,,,12.0,,,,,,,,,,,,,0.0,,1.0,,,,,,,,,,,,,,,,,,,,,,,,,,,,0.0,0.0,,,,,0.0,,,,,,,0.0,0.0,,,,0.0,,,,""
17536747264,"Feb 27, 2026, 12:36:32 AM",Evening Weight Training,Weight Training,,2713,0,172.0,10,false,,,activities/18634238006.tcx.gz,,,2713.0,2713.0,0.0,0.0,0.0,0.0,0.0,0.0,0.0,0.0,0.0,,,,,172.0,117.0,,,322.0,,,10.0,,,,,,,,,,,,,0.0,,1.0,,,,,,,,,,,,,,,,,,,,,,,,,,,,0.0,0.0,,,,,0.0,,,,,,,,,,,,,,,,""
17536462925,"Feb 27, 2026, 12:29:48 AM",Evening Run,Run,"",388,0.55,165.0,3,false,,Nike React X Infinity Run 4,activities/18633954542.tcx.gz,,,388.0,254.0,554.8,4.24,2.184,4.1,0.0,101.5,105.6,3.6,0.5,,,76.0,66.0,165.0,146.0,,,58.0,,,3.0,,,,,,,,,,,,,0.0,,1.0,564.6,,,,,,,,,,,,,,,,24519693.0,,,,,,,,,,,1.43,0.0,,,,,0.0,,,,2.223,,,0.0,0.0,,,,0.0,,,,""
17524413082,"Feb 25, 2026, 9:27:57 PM",Afternoon Weight Training,Weight Training,"",3069,0,140.0,8,false,,,activities/18621861051.tcx.gz,,,3069.0,3069.0,0.0,0.0,0.0,0.0,0.0,0.0,0.0,0.0,0.0,,,,,140.0,107.0,,,302.0,,,8.0,,,,,,,,,,,,,0.0,,1.0,,,,,,,,,,,,,,,,,,,,,,,,,,,,0.0,0.0,,,,,0.0,,,,,,,0.0,0.0,,,,0.0,,,,""
17513369162,"Feb 25, 2026, 1:50:26 AM",Evening Weight Training,Weight Training,"",2418,0,155.0,7,false,,,activities/18610772286.tcx.gz,,,2418.0,2418.0,0.0,0.0,0.0,0.0,0.0,0.0,0.0,0.0,0.0,,,,,155.0,112.0,,,262.0,,,7.0,,,,,,,,,,,,,0.0,,1.0,,,,,,,,,,,,,,,,,,,,,,,,,,,,0.0,0.0,,,,,0.0,,,,,,,0.0,0.0,,,,0.0,,,,""
17500552404,"Feb 24, 2026, 12:02:58 AM",Back at it,Run,Did not go how I expected. Could not run at one point,2114,4.22,,,false,,Nike React X Infinity Run 4,activities/17500552404.gpx,,,2114.0,1611.0,4226.8,6.0,2.624,16.4,24.9,83.8,108.7,7.3,-0.2,,,,,,,,,379.0,,,,,,,,,9.0,,,,,0.0,80.0,0.0,,1.0,4224.3,,,,,,,,,,,,,,,,24519693.0,,,,,,,,,,,1.999,0.0,,,,4084.0,0.0,,,,2.622,,,,,,,,,,,,media/696310DC-72DE-4226-B8B1-A99BADDF1F54.jpg
17500534778,"Feb 24, 2026, 12:02:43 AM",Evening Run,Run,"",2885,5.11,205.0,96,false,,Nike React X Infinity Run 4,activities/18597899968.tcx.gz,,,2885.0,2375.0,5111.8,10.902,2.152,19.8,24.9,83.8,108.7,3.2,-0.1,,,82.0,67.0,205.0,179.0,,,588.0,,,96.0,,,,,,9.0,,,,,0.0,118.0,0.0,,1.0,5115.8,,,,,,,,,,,,,,,,24519693.0,,,,,,,,,,,1.772,42.7,,,,,0.0,,,,2.154,,,0.0,0.0,,,,0.0,,,,""
17476094474,"Feb 21, 2026, 7:01:02 PM",Afternoon Weight Training,Weight Training,,2471,0,136.0,6,false,,,activities/18573322753.tcx.gz,,,2471.0,2471.0,0.0,0.0,0.0,0.0,0.0,0.0,0.0,0.0,0.0,,,,,136.0,105.0,,,231.0,,,6.0,,,,,,,,,,,,,0.0,,1.0,,,,,,,,,,,,,,,,,,,,,,,,,,,,0.0,0.0,,,,,0.0,,,,,,,,,,,,,,,,""
17476094473,"Feb 21, 2026, 6:41:28 PM",Afternoon Weight Training,Weight Training,,1138,0,133.0,2,false,,,activities/18573322756.tcx.gz,,,1138.0,1138.0,0.0,0.0,0.0,0.0,0.0,0.0,0.0,0.0,0.0,,,,,133.0,100.0,,,95.0,,,2.0,,,,,,,,,,,,,0.0,,1.0,,,,,,,,,,,,,,,,,,,,,,,,,,,,0.0,0.0,,,,,0.0,,,,,,,,,,,,,,,,""
17440513081,"Feb 18, 2026, 2:48:06 PM",Morning Weight Training,Weight Training,,4320,0,138.0,10,false,,,activities/18537627289.tcx.gz,,,4320.0,4320.0,0.0,0.0,0.0,0.0,0.0,0.0,0.0,0.0,0.0,,,,,138.0,101.0,,,376.0,,,10.0,,,,,,,,,,,,,0.0,,1.0,,,,,,,,,,,,,,,,,,,,,,,,,,,,0.0,0.0,,,,,0.0,,,,,,,,,,,,,,,,""
17429706138,"Feb 17, 2026, 5:01:03 PM",Lunch Weight Training,Weight Training,"",635,0,103.0,1,false,,,activities/18526797793.tcx.gz,,,635.0,635.0,0.0,0.0,0.0,0.0,0.0,0.0,0.0,0.0,0.0,,,,,103.0,93.0,,,44.0,,,1.0,,,,,,,,,,,,,0.0,,1.0,,,,,,,,,,,,,,,,,,,,,,,,,,,,0.0,0.0,,,,,0.0,,,,,,,0.0,0.0,,,,0.0,,,,""
17429706152,"Feb 17, 2026, 4:01:12 PM",Lunch Weight Training,Weight Training,,3540,0,159.0,10,false,,,activities/18526797804.tcx.gz,,,3540.0,3540.0,0.0,0.0,0.0,0.0,0.0,0.0,0.0,0.0,0.0,,,,,159.0,108.0,,,355.0,,,10.0,,,,,,,,,,,,,0.0,,1.0,,,,,,,,,,,,,,,,,,,,,,,,,,,,0.0,0.0,,,,,0.0,,,,,,,,,,,,,,,,""
17429706151,"Feb 17, 2026, 2:56:38 PM",Morning Weight Training,Weight Training,,3778,0,144.0,8,false,,,activities/18526797788.tcx.gz,,,3778.0,3778.0,0.0,0.0,0.0,0.0,0.0,0.0,0.0,0.0,0.0,,,,,144.0,96.0,,,289.0,,,8.0,,,,,,,,,,,,,0.0,,1.0,,,,,,,,,,,,,,,,,,,,,,,,,,,,0.0,0.0,,,,,0.0,,,,,,,,,,,,,,,,""
17400672447,"Feb 14, 2026, 10:58:29 PM",Afternoon Walk,Walk,"",7141,8.11,175.0,7,false,,,activities/18497579468.tcx.gz,,,7141.0,1875.0,8112.5,15.206,4.327,92.2,74.0,104.4,157.2,7.1,0.2,,,83.0,51.0,175.0,115.0,,,220.0,,,7.0,,,,,,,,,,,,,0.0,,1.0,,,,,,,,,,,,,,,,,,,,,,,,,,,2.0,1.136,0.0,,,,,0.0,,,,,,,0.0,0.0,,,,0.0,,,,""
17387345359,"Feb 13, 2026, 7:01:09 PM",Afternoon Weight Training,Weight Training,,3433,0,146.0,10,false,,,activities/18484162496.tcx.gz,,,3433.0,3433.0,0.0,0.0,0.0,0.0,0.0,0.0,0.0,0.0,0.0,,,,,146.0,116.0,,,398.0,,,10.0,,,,,,,,,,,,,0.0,,1.0,,,,,,,,,,,,,,,,,,,,,,,,,,,,0.0,0.0,,,,,0.0,,,,,,,,,,,,,,,,""
17387067874,"Feb 13, 2026, 6:36:15 PM",Afternoon Weight Training,Weight Training,"",1379,0,141.0,4,false,,,activities/18483886499.tcx.gz,,,1379.0,1379.0,0.0,0.0,0.0,0.0,0.0,0.0,0.0,0.0,0.0,,,,,141.0,114.0,,,155.0,,,4.0,,,,,,,,,,,,,0.0,,1.0,,,,,,,,,,,,,,,,,,,,,,,,,,,,0.0,0.0,,,,,0.0,,,,,,,0.0,0.0,,,,0.0,,,,""
17369357715,"Feb 12, 2026, 1:29:17 AM","Jefit - Back, Core, Shoulders",Weight Training,"4 Exercises performed, 5660 lbs weight lifted
Trap Bar Deadlift
Set 1: 65 lbs x 10
Set 2: 85 lbs x 8
Set 3: 85 lbs x 8
Hanging Leg Raise
Set 1: 6 reps
Set 2: 6 reps
Set 3: 6 reps
Barbell Military Press
Set 1: 45 lbs x 12
Set 2: 55 lbs x 8
Set 3: 55 lbs x 6
Cable Seated Row
Set 1: 50 lbs x 16
Set 2: 70 lbs x 10
Set 3: 70 lbs x 12",3035,0,,,false,,,,,,3035.0,3035.0,0.0,,0.0,,,,,,0.0,,,,,,,,,,,,,,,,,,,,,,,,,0.0,,0.0,,,,,,,,,,,,,,,,,,,,,,,,,,,,0.0,0.0,,,,,0.0,,,,,,,,,,,,,,,,""
17369364032,"Feb 12, 2026, 1:28:54 AM",Evening Weight Training,Weight Training,"",3663,0,149.0,10,false,,,activities/18466148234.tcx.gz,,,3663.0,3663.0,0.0,0.0,0.0,0.0,0.0,0.0,0.0,0.0,0.0,,,,,149.0,111.0,,,391.0,,,10.0,,,,,,,,,,,,,0.0,,1.0,,,,,,,,,,,,,,,,,,,,,,,,,,,,0.0,0.0,,,,,0.0,,,,,,,0.0,0.0,,,,0.0,,,,""
17345942225,"Feb 10, 2026, 12:46:11 AM","Jefit - Upper Legs, Chest, Back",Weight Training,"4 Exercises performed, 7600 lbs weight lifted
Barbell Squat
Set 1: 65 lbs x 8
Set 2: 65 lbs x 8
Set 3: 65 lbs x 6
Barbell Bench Press
Set 1: 65 lbs x 14
Set 2: 85 lbs x 12
Set 3: 95 lbs x 8
Machine Assisted Pull-Up
Set 1: 100 lbs x 6
Cable Lat Pulldown (Wide Grip)
Set 1: 80 lbs x 12
Set 2: 80 lbs x 12
Set 3: 80 lbs x 12",3133,0,,,false,,,,,,3133.0,3133.0,0.0,,0.0,,,,,,0.0,,,,,,,,,,,,,,,,,,,,,,,,,0.0,,0.0,,,,,,,,,,,,,,,,,,,,,,,,,,,,0.0,0.0,,,,,0.0,,,,,,,,,,,,,,,,""
17345947934,"Feb 10, 2026, 12:46:10 AM",Evening Weight Training,Weight Training,,3645,0,146.0,8,false,,,activities/18442641606.tcx.gz,,,3645.0,3645.0,0.0,0.0,0.0,0.0,0.0,0.0,0.0,0.0,0.0,,,,,146.0,102.0,,,323.0,,,8.0,,,,,,,,,,,,,0.0,,1.0,,,,,,,,,,,,,,,,,,,,,,,,,,,,0.0,0.0,,,,,0.0,,,,,,,,,,,,,,,,""
17322123571,"Feb 7, 2026, 9:49:18 PM",Afternoon Workout,Workout,,973,0,171.0,5,false,,,activities/18418580239.tcx.gz,,,973.0,973.0,0.0,0.0,0.0,0.0,0.0,0.0,0.0,0.0,0.0,,,,,171.0,126.0,,,109.0,,,5.0,,,,,,,,,,,,,0.0,,1.0,,,,,,,,,,,,,,,,,,,,,,,,,,,,0.0,0.0,,,,,0.0,,,,,,,,,,,,,,,,""
17312919295,"Feb 7, 2026, 5:05:27 AM",Night Workout,Workout,,981,0,138.0,3,false,,,activities/18409257925.tcx.gz,,,981.0,981.0,0.0,0.0,0.0,0.0,0.0,0.0,0.0,0.0,0.0,,,,,138.0,116.0,,,98.0,,,3.0,,,,,,,,,,,,,0.0,,1.0,,,,,,,,,,,,,,,,,,,,,,,,,,,,0.0,0.0,,,,,0.0,,,,,,,,,,,,,,,,""
17312644204,"Feb 7, 2026, 2:22:41 AM",Night Workout,Workout,,6039,0,148.0,16,false,,,activities/18408975779.tcx.gz,,,6039.0,6039.0,0.0,0.0,0.0,0.0,0.0,0.0,0.0,0.0,0.0,,,,,148.0,110.0,,,613.0,,,16.0,,,,,,,,,,,,,0.0,,1.0,,,,,,,,,,,,,,,,,,,,,,,,,,,,0.0,0.0,,,,,0.0,,,,,,,,,,,,,,,,""
17311541486,"Feb 7, 2026, 12:02:32 AM",Evening Workout,Workout,,1038,0,132.0,3,false,,,activities/18407858622.tcx.gz,,,1038.0,1038.0,0.0,0.0,0.0,0.0,0.0,0.0,0.0,0.0,0.0,,,,,132.0,113.0,,,101.0,,,3.0,,,,,,,,,,,,,0.0,,1.0,,,,,,,,,,,,,,,,,,,,,,,,,,,,0.0,0.0,,,,,0.0,,,,,,,,,,,,,,,,""
17310149090,"Feb 6, 2026, 9:18:10 PM",Afternoon Workout,Workout,"",521,0,174.0,3,false,,,activities/18406463667.tcx.gz,,,521.0,521.0,0.0,0.0,0.0,0.0,0.0,0.0,0.0,0.0,0.0,,,,,174.0,130.0,,,46.0,,,3.0,,,,,,,,,,,,,0.0,,1.0,,,,,,,,,,,,,,,,,,,,,,,,,,,,0.0,0.0,,,,,0.0,,,,,,,0.0,0.0,,,,0.0,,,,""
17308579123,"Feb 6, 2026, 5:11:20 PM",Lunch Workout,Workout,,2904,0,162.0,11,false,,,activities/18404887362.tcx.gz,,,2904.0,2904.0,0.0,0.0,0.0,0.0,0.0,0.0,0.0,0.0,0.0,,,,,162.0,123.0,,,359.0,,,11.0,,,,,,,,,,,,,0.0,,1.0,,,,,,,,,,,,,,,,,,,,,,,,,,,,0.0,0.0,,,,,0.0,,,,,,,,,,,,,,,,""
17307281642,"Feb 6, 2026, 3:20:22 PM",Morning Workout,Workout,,1389,0,159.0,5,false,,,activities/18403587587.tcx.gz,,,1389.0,1389.0,0.0,0.0,0.0,0.0,0.0,0.0,0.0,0.0,0.0,,,,,159.0,117.0,,,147.0,,,5.0,,,,,,,,,,,,,0.0,,1.0,,,,,,,,,,,,,,,,,,,,,,,,,,,,0.0,0.0,,,,,0.0,,,,,,,,,,,,,,,,""
17199949645,"Jan 27, 2026, 11:38:42 PM",Evening Workout,Workout,,363,0,135.0,1,false,,,activities/18295433320.tcx.gz,,,363.0,363.0,0.0,0.0,0.0,0.0,0.0,0.0,0.0,0.0,0.0,,,,,135.0,110.0,,,12.0,,,1.0,,,,,,,,,,,,,0.0,,1.0,,,,,,,,,,,,,,,,,,,,,,,,,,,,0.0,0.0,,,,,0.0,,,,,,,,,,,,,,,,""
17154757522,"Jan 23, 2026, 11:27:58 PM",Evening Workout,Workout,"",414,0,146.0,1,false,,,activities/18249841475.tcx.gz,,,414.0,414.0,0.0,0.0,0.0,0.0,0.0,0.0,0.0,0.0,0.0,,,,,146.0,112.0,,,9.0,,,1.0,,,,,,,,,,,,,0.0,,1.0,,,,,,,,,,,,,,,,,,,,,,,,,,,,0.0,0.0,,,,,0.0,,,,,,,0.0,0.0,,,,,,,,""
17133599862,"Jan 21, 2026, 11:54:56 PM",Evening Workout,Workout,,373,0,126.0,1,false,,,activities/18228536408.tcx.gz,,,373.0,373.0,0.0,0.0,0.0,0.0,0.0,0.0,0.0,0.0,0.0,,,,,126.0,113.0,,,30.0,,,1.0,,,,,,,,,,,,,0.0,,1.0,,,,,,,,,,,,,,,,,,,,,,,,,,,,0.0,0.0,,,,,0.0,,,,,,,,,,,,,,,,""
17133139825,"Jan 21, 2026, 11:03:51 PM",Evening Workout,Workout,,242,0,136.0,0,false,,,activities/18228075347.tcx.gz,,,242.0,242.0,0.0,0.0,0.0,0.0,0.0,0.0,0.0,0.0,0.0,,,,,136.0,112.0,,,14.0,,,0.0,,,,,,,,,,,,,0.0,,1.0,,,,,,,,,,,,,,,,,,,,,,,,,,,,0.0,0.0,,,,,0.0,,,,,,,,,,,,,,,,""
17132940409,"Jan 21, 2026, 10:41:12 PM",Afternoon Workout,Workout,,338,0,132.0,0,false,,,activities/18227873607.tcx.gz,,,338.0,338.0,0.0,0.0,0.0,0.0,0.0,0.0,0.0,0.0,0.0,,,,,132.0,112.0,,,25.0,,,0.0,,,,,,,,,,,,,0.0,,1.0,,,,,,,,,,,,,,,,,,,,,,,,,,,,0.0,0.0,,,,,0.0,,,,,,,,,,,,,,,,""
17123412838,"Jan 21, 2026, 4:12:25 AM",Night Workout,Workout,,393,0,124.0,1,false,,,activities/18218284919.tcx.gz,,,393.0,393.0,0.0,0.0,0.0,0.0,0.0,0.0,0.0,0.0,0.0,,,,,124.0,110.0,,,30.0,,,1.0,,,,,,,,,,,,,0.0,,1.0,,,,,,,,,,,,,,,,,,,,,,,,,,,,0.0,0.0,,,,,0.0,,,,,,,,,,,,,,,,""
17123087272,"Jan 21, 2026, 2:31:16 AM",Night Workout,Workout,,1122,0,131.0,3,false,,,activities/18217957898.tcx.gz,,,1122.0,1122.0,0.0,0.0,0.0,0.0,0.0,0.0,0.0,0.0,0.0,,,,,131.0,112.0,,,94.0,,,3.0,,,,,,,,,,,,,0.0,,1.0,,,,,,,,,,,,,,,,,,,,,,,,,,,,0.0,0.0,,,,,0.0,,,,,,,,,,,,,,,,""
17120371697,"Jan 20, 2026, 9:02:17 PM",Afternoon Workout,Workout,"",640,0,139.0,2,false,,,activities/18215238217.tcx.gz,,,640.0,640.0,0.0,0.0,0.0,0.0,0.0,0.0,0.0,0.0,0.0,,,,,139.0,117.0,,,56.0,,,2.0,,,,,,,,,,,,,0.0,,1.0,,,,,,,,,,,,,,,,,,,,,,,,,,,,0.0,0.0,,,,,0.0,,,,,,,0.0,0.0,,,,,,,,""
17106088651,"Jan 19, 2026, 5:45:05 PM",Lunch Workout,Workout,"",855,0,123.0,2,false,,,activities/18200880560.tcx.gz,,,855.0,855.0,0.0,0.0,0.0,0.0,0.0,0.0,0.0,0.0,0.0,,,,,123.0,107.0,,,66.0,,,2.0,,,,,,,,,,,,,0.0,,1.0,,,,,,,,,,,,,,,,,,,,,,,,,,,,0.0,0.0,,,,,0.0,,,,,,,0.0,0.0,,,,,,,,""
17105735439,"Jan 19, 2026, 5:08:51 PM",Lunch Workout,Workout,,614,0,142.0,1,false,,,activities/18200529022.tcx.gz,,,614.0,614.0,0.0,0.0,0.0,0.0,0.0,0.0,0.0,0.0,0.0,,,,,142.0,112.0,,,50.0,,,1.0,,,,,,,,,,,,,0.0,,1.0,,,,,,,,,,,,,,,,,,,,,,,,,,,,0.0,0.0,,,,,0.0,,,,,,,,,,,,,,,,""
17099315570,"Jan 18, 2026, 11:51:17 PM",Evening Workout,Workout,"",639,0,138.0,1,false,,,activities/18194044076.tcx.gz,,,639.0,639.0,0.0,0.0,0.0,0.0,0.0,0.0,0.0,0.0,0.0,,,,,138.0,108.0,,,53.0,,,1.0,,,,,,,,,,,,,0.0,,1.0,,,,,,,,,,,,,,,,,,,,,,,,,,,,0.0,0.0,,,,,0.0,,,,,,,0.0,0.0,,,,,,,,""
17086762029,"Jan 17, 2026, 11:25:11 PM",Evening Walk,Walk,,1887,1.52,159.0,6,false,,,activities/18181302691.tcx.gz,,,1887.0,1798.0,1523.7,11.443,0.847,0.0,0.0,139.2,140.5,6.1,0.0,,,83.0,49.0,159.0,112.0,,,194.0,,,6.0,,,,,,,,,,,,,0.0,,1.0,,,,,,,,,,,,,,,,,,,,,,,,,,,,0.807,0.0,,,,,0.0,,,,,,,,,,,,,,,,""
17074910534,"Jan 16, 2026, 11:30:25 PM",Evening Workout,Workout,"",498,0,122.0,1,false,,,activities/18169313606.tcx.gz,,,498.0,498.0,0.0,0.0,0.0,0.0,0.0,0.0,0.0,0.0,0.0,,,,,122.0,104.0,,,33.0,,,1.0,,,,,,,,,,,,,0.0,,1.0,,,,,,,,,,,,,,,,,,,,,,,,,,,,0.0,0.0,,,,,0.0,,,,,,,0.0,0.0,,,,,,,,""
17064380317,"Jan 15, 2026, 10:59:24 PM",Afternoon Workout,Workout,,2900,0,147.0,8,false,,,activities/18158685044.tcx.gz,,,2900.0,2900.0,0.0,0.0,0.0,0.0,0.0,0.0,0.0,0.0,0.0,,,,,147.0,115.0,,,263.0,,,8.0,,,,,,,,,,,,,0.0,,1.0,,,,,,,,,,,,,,,,,,,,,,,,,,,,0.0,0.0,,,,,0.0,,,,,,,,,,,,,,,,""
17063824115,"Jan 15, 2026, 10:15:43 PM",Snow Run,Run,Big Motion,2280,3.13,184.0,43,false,,Nike React X Infinity Run 4,activities/18158127151.tcx.gz,,,2280.0,2022.0,3137.9,6.799,1.552,41.2,45.6,131.1,158.4,15.1,-0.1,,,79.0,58.0,184.0,157.0,,,434.0,,,43.0,,,,,,,,,,,,,0.0,,1.0,3213.4,,,,,,,,,,,,,,,,24519693.0,,,,,,,,,,,1.376,0.0,,,,,0.0,,,,1.589,,,0.0,0.0,,,,,,,,media/2EA50326-9360-49AE-BF30-A44AF1DAABE6.jpg|media/9A19CB8F-0738-467D-8425-CEBC165DCC52.jpg|media/593B4E5F-BAE5-4562-91A2-7CCB4F0D2570.jpg|media/13C7C428-5CB1-42A2-A550-D3B0E2172E85.jpg|media/7551B142-00FC-497D-B008-5FFBB6276759.jpg
17062626353,"Jan 15, 2026, 8:13:37 PM",Afternoon Workout,Workout,"",805,0,171.0,4,false,,,activities/18156927552.tcx.gz,,,805.0,805.0,0.0,0.0,0.0,0.0,0.0,0.0,0.0,0.0,0.0,,,,,171.0,115.0,,,40.0,,,4.0,,,,,,,,,,,,,0.0,,1.0,,,,,,,,,,,,,,,,,,,,,,,,,,,,0.0,0.0,,,,,0.0,,,,,,,0.0,0.0,,,,,,,,""
17054573659,"Jan 15, 2026, 1:16:09 AM",Evening Workout,Workout,"",243,0,159.0,0,false,,,activities/18148798301.tcx.gz,,,243.0,243.0,0.0,0.0,0.0,0.0,0.0,0.0,0.0,0.0,0.0,,,,,159.0,119.0,,,12.0,,,0.0,,,,,,,,,,,,,0.0,,1.0,,,,,,,,,,,,,,,,,,,,,,,,,,,,0.0,0.0,,,,,0.0,,,,,,,0.0,0.0,,,,,,,,""
17042210305,"Jan 14, 2026, 1:59:53 AM",Evening Ride,Ride,"",525,1.70,169.0,3,false,,,activities/18136348148.tcx.gz,,9.0,525.0,525.0,1707.2,15.029,3.252,0.0,5.4,81.6,87.1,1.9,-0.3,,,,,169.0,120.0,,67.0,65.0,,,3.0,,,,,,,,,,,,,0.0,,1.0,,,,,,,,,,,,,,,,,,,,,,,,,,,,3.252,0.0,,,,,0.0,,,,,,,0.0,0.0,,,,,,,,""
17040866256,"Jan 13, 2026, 11:09:10 PM",Evening Workout,Workout,,344,0,116.0,0,false,,,activities/18135003316.tcx.gz,,,344.0,344.0,0.0,0.0,0.0,0.0,0.0,0.0,0.0,0.0,0.0,,,,,116.0,108.0,,,25.0,,,0.0,,,,,,,,,,,,,0.0,,1.0,,,,,,,,,,,,,,,,,,,,,,,,,,,,0.0,0.0,,,,,0.0,,,,,,,,,,,,,,,,""
17036065804,"Jan 13, 2026, 4:03:18 PM",Lunch Workout,Workout,,382,0,120.0,1,false,,,activities/18130213849.tcx.gz,,,382.0,382.0,0.0,0.0,0.0,0.0,0.0,0.0,0.0,0.0,0.0,,,,,120.0,107.0,,,27.0,,,1.0,,,,,,,,,,,,,0.0,,1.0,,,,,,,,,,,,,,,,,,,,,,,,,,,,0.0,0.0,,,,,0.0,,,,,,,,,,,,,,,,""
17015673733,"Jan 11, 2026, 6:13:36 PM",Afternoon Workout,Workout,"",247,0,160.0,0,false,,,activities/18109643847.tcx.gz,,,247.0,247.0,0.0,0.0,0.0,0.0,0.0,0.0,0.0,0.0,0.0,,,,,160.0,118.0,,,15.0,,,0.0,,,,,,,,,,,,,0.0,,1.0,,,,,,,,,,,,,,,,,,,,,,,,,,,,0.0,0.0,,,,,0.0,,,,,,,0.0,0.0,,,,,,,,""
17013236420,"Jan 11, 2026, 2:08:55 PM",Morning Workout,Workout,,240,0,133.0,0,false,,,activities/18107185772.tcx.gz,,,240.0,240.0,0.0,0.0,0.0,0.0,0.0,0.0,0.0,0.0,0.0,,,,,133.0,114.0,,,14.0,,,0.0,,,,,,,,,,,,,0.0,,1.0,,,,,,,,,,,,,,,,,,,,,,,,,,,,0.0,0.0,,,,,0.0,,,,,,,,,,,,,,,,""
17012661514,"Jan 11, 2026, 1:51:19 PM",Morning Workout,Workout,"",242,0,131.0,0,false,,,activities/18106602282.tcx.gz,,,242.0,242.0,0.0,0.0,0.0,0.0,0.0,0.0,0.0,0.0,0.0,,,,,131.0,108.0,,,12.0,,,0.0,,,,,,,,,,,,,0.0,,1.0,,,,,,,,,,,,,,,,,,,,,,,,,,,,0.0,0.0,,,,,0.0,,,,,,,0.0,0.0,,,,,,,,""
16994516619,"Jan 9, 2026, 10:57:59 PM",Afternoon Workout,Workout,"",274,0,121.0,0,false,,,activities/18088172724.tcx.gz,,,274.0,274.0,0.0,0.0,0.0,0.0,0.0,0.0,0.0,0.0,0.0,,,,,121.0,107.0,,,12.0,,,0.0,,,,,,,,,,,,,0.0,,1.0,,,,,,,,,,,,,,,,,,,,,,,,,,,,0.0,0.0,,,,,0.0,,,,,,,0.0,0.0,,,,,,,,""
16984374210,"Jan 8, 2026, 10:04:53 PM",Afternoon Workout,Run,"",2433,0,171.0,12,false,,Nike React X Infinity Run 4,activities/18077955057.tcx.gz,,,2433.0,2433.0,0.0,0.0,0.0,0.0,0.0,0.0,0.0,0.0,0.0,,,,,171.0,125.0,,,295.0,,,12.0,,,,,,,,,,,,,0.0,,1.0,,,,,,,,,,,,,,,,,24519693.0,,,,,,,,,,,0.0,0.0,,,,,0.0,,,,,,,0.0,0.0,,,,,,,,""
16984209460,"Jan 8, 2026, 9:21:39 PM",Running and Reading,Run,"",4640,2.30,,,false,,Nike React X Infinity Run 4,activities/16984209460.gpx,,,4640.0,1184.0,2299.3,5.62,1.942,44.4,43.7,131.2,158.3,45.6,0.0,,,,,,,,,217.0,,,,,,,,,,,,,,,,0.0,,1.0,2419.0,,,,,,,,,,,,,,,,24519693.0,,,,,,,,,,,0.496,0.0,,,,2568.0,0.0,,,,2.043,,,,,,,,,,,,media/56B9A862-E59B-4ADC-ADAA-C19869CA5210.jpg
16983737820,"Jan 8, 2026, 9:21:19 PM",Afternoon Workout,Run,"",840,0,171.0,7,false,,Nike React X Infinity Run 4,activities/18077318800.tcx.gz,,,840.0,840.0,0.0,0.0,0.0,0.0,0.0,0.0,0.0,0.0,0.0,,,,,171.0,135.0,,,110.0,,,7.0,,,,,,,,,,,,,0.0,,1.0,,,,,,,,,,,,,,,,,24519693.0,,,,,,,,,,,0.0,0.0,,,,,0.0,,,,,,,0.0,0.0,,,,,,,,""
16980045332,"Jan 8, 2026, 3:06:27 PM",Morning Workout,Workout,"",291,0,145.0,0,false,,,activities/18073619101.tcx.gz,,,291.0,291.0,0.0,0.0,0.0,0.0,0.0,0.0,0.0,0.0,0.0,,,,,145.0,115.0,,,19.0,,,0.0,,,,,,,,,,,,,0.0,,1.0,,,,,,,,,,,,,,,,,,,,,,,,,,,,0.0,0.0,,,,,0.0,,,,,,,0.0,0.0,,,,,,,,""
16973465460,"Jan 7, 2026, 10:54:38 PM",Afternoon Workout,Workout,"",604,0,171.0,4,false,,,activities/18066967845.tcx.gz,,,604.0,604.0,0.0,0.0,0.0,0.0,0.0,0.0,0.0,0.0,0.0,,,,,171.0,135.0,,,94.0,,,4.0,,,,,,,,,,,,,0.0,,1.0,,,,,,,,,,,,,,,,,,,,,,,,,,,,0.0,0.0,,,,,0.0,,,,,,,0.0,0.0,,,,,,,,""
16961212899,"Jan 6, 2026, 9:15:24 PM",Afternoon Walk,Walk,It’s literally raining ice,1012,1.25,169.0,5,false,,,activities/18054610272.tcx.gz,,,1012.0,946.0,1257.1,3.02,1.329,9.8,9.3,154.5,161.1,28.8,0.1,,,78.0,61.0,169.0,130.0,,,141.0,,,5.0,,,,,,,,,,,,,0.0,,1.0,,,,,,,,,,,,,,,,,,,,,,,,,,,,1.242,0.0,,,,,0.0,,,,,,,1.0,0.0,,,,,,,,""
16985948709,"Jan 6, 2026, 12:05:45 AM",Evening Workout,Workout,,188,0,110.0,0,false,,,activities/18079531841.tcx.gz,,,188.0,188.0,0.0,0.0,0.0,0.0,0.0,0.0,0.0,0.0,0.0,,,,,110.0,98.0,,,8.0,,,0.0,,,,,,,,,,,,,0.0,,1.0,,,,,,,,,,,,,,,,,,,,,,,,,,,,0.0,0.0,,,,,0.0,,,,,,,,,,,,,,,,""
16985948741,"Jan 5, 2026, 11:38:37 PM",Evening Workout,Workout,,300,0,110.0,0,false,,,activities/18079531850.tcx.gz,,,300.0,300.0,0.0,0.0,0.0,0.0,0.0,0.0,0.0,0.0,0.0,,,,,110.0,91.0,,,5.0,,,0.0,,,,,,,,,,,,,0.0,,1.0,,,,,,,,,,,,,,,,,,,,,,,,,,,,0.0,0.0,,,,,0.0,,,,,,,,,,,,,,,,""
16948339328,"Jan 4, 2026, 10:29:09 PM",Dance,Walk,"",7200,0,,,false,,Nike React X Infinity Run 4,,,,7200.0,7200.0,0.0,,0.0,,,,,,0.0,,,,,,,,,0.0,,,,,,,,,,,,,,,,0.0,,0.0,,,,,,,,,,,,,,,,,24519693.0,,,,,,,,,,,0.0,0.0,,,,,0.0,,,,,,,0.0,0.0,,,,,,,,""
16869698683,"Dec 29, 2025, 12:01:36 AM",Laser Tag,Walk,"",1800,0,,,false,,Nike React X Infinity Run 4,,,,1800.0,1800.0,0.0,,0.0,,,,,,0.0,,,,,,,,,0.0,,,,,,,,,,,,,,,,0.0,,0.0,,,,,,,,,,,,,,,,,24519693.0,,,,,,,,,,,0.0,0.0,,,,,0.0,,,,,,,,,,,,,,,,""
16948890706,"Dec 28, 2025, 7:29:00 PM",Dance,Run,"",3600,0,,,false,,Nike React X Infinity Run 4,,,,3600.0,3600.0,0.0,,0.0,,,,,,0.0,,,,,,,,,0.0,,,,,,,,,,,,,,,,0.0,,0.0,,,,,,,,,,,,,,,,,24519693.0,,,,,,,,,,,0.0,0.0,,,,,0.0,,,,,,,,,,,,,,,,""
16787649770,"Dec 19, 2025, 8:38:58 PM",Afternoon Walk,Walk,It’s too cold to run,587,0.62,,,false,,,activities/16787649770.gpx,,,587.0,552.0,619.7,2.54,1.123,4.3,5.1,151.8,157.6,12.3,-0.2,,,,,,,,,56.0,,,,,,,,,,,,,,,,0.0,,1.0,,,,,,,,,,,,,,,,,,,,,,,,,,,,1.056,0.0,,,,934.0,0.0,,,,,,,,,,,,,,,,""
16754036619,"Dec 16, 2025, 12:54:55 AM","Jefit - Chest, Back, Shoulders",Weight Training,"3 Exercises performed, 4855 lbs weight lifted
Barbell Bench Press
Set 1: 95 lbs x 8
Set 2: 95 lbs x 8
Set 3: 95 lbs x 8
Cable Lat Pulldown (Wide Grip)
Set 1: 80 lbs x 12
Set 2: 80 lbs x 8
Set 3: 80 lbs x 10
Dumbbell Lateral Raise
Set 1: 12.5 lbs x 14",2732,0,,,false,,,,,,2732.0,2732.0,0.0,,0.0,,,,,,0.0,,,,,,,,,,,,,,,,,,,,,,,,,0.0,,0.0,,,,,,,,,,,,,,,,,,,,,,,,,,,,0.0,0.0,,,,,0.0,,,,,,,,,,,,,,,,""
16749300449,"Dec 14, 2025, 2:59:00 AM",Christmas Carol,Run,"",10800,3.00,,,false,,Nike React X Infinity Run 4,,,,10800.0,10800.0,3000.0,,0.278,,,,,,0.0,,,,,,,,,269.0,,,,,,,,,,,,,,,,0.0,,0.0,,,,,,,,,,,,,,,,,24519693.0,,,,,,,,,,,0.278,0.0,,,,,0.0,,,,,,,,,,,,,,,,""
16660397953,"Dec 5, 2025, 9:01:09 PM","Jefit - Chest, Back, Biceps, Shoulders",Weight Training,"5 Exercises performed, 2585 lbs weight lifted
Dumbbell Incline Bench Press
Set 1: 22.5 lbs x 6
Cable Lat Pulldown (Wide Grip)
Set 1: 85 lbs x 10
Set 2: 70 lbs x 10
Set 3: 70 lbs x 8
Pull-Up
Set 1: 6 reps
Dumbbell Alternating Bicep Curl
Set 1: 25 lbs x 6
Set 2: 25 lbs x 6
Dumbbell Lateral Raise
Set 1: 12.5 lbs x 14",879,0,,,false,,,,,,879.0,879.0,0.0,,0.0,,,,,,0.0,,,,,,,,,,,,,,,,,,,,,,,,,0.0,,0.0,,,,,,,,,,,,,,,,,,,,,,,,,,,,0.0,0.0,,,,,0.0,,,,,,,,,,,,,,,,""
16643998106,"Dec 3, 2025, 11:49:14 PM","Jefit - Shoulders, Cardio, Core",Weight Training,"3 Exercises performed, 2485 lbs weight lifted
Barbell Military Press
Set 1: 45 lbs x 12
Set 2: 55 lbs x 8
Set 3: 55 lbs x 8
Rowing
Set 1: 00:01:00
Kcal: 8
Distance: 0.14
Speed: 3.1
Set 2: 00:01:14
Set 3: 00:01:14
Cable Kneeling Crunch (Rope)
Set 1: 27.5 lbs x 14
Set 2: 42.5 lbs x 8
Set 3: 42.5 lbs x 8",2577,0.22,,,false,,,,,,2577.0,2577.0,225.3,,0.087,,,,,,0.0,,,,,,,,,,,,,,,,,,,,,,,,,0.0,,0.0,,,,,,,,,,,,,,,,,,,,,,,,,,,,0.087,0.0,,,,,0.0,,,,,,,,,,,,,,,,""
16634550831,"Dec 3, 2025, 12:52:35 AM","Jefit - Upper Legs, Back, Shoulders, Chest",Workout,"5 Exercises performed, 8489 lbs weight lifted
Machine Leg Press
Set 1: 95 lbs x 14
Set 2: 125 lbs x 8
Set 3: 128 lbs x 8
Cable Lat Pulldown (Wide Grip)
Set 1: 75 lbs x 12
Set 2: 90 lbs x 8
Set 3: 90 lbs x 6
Dumbbell Lateral Raise
Set 1: 12.5 lbs x 14
Set 2: 12.5 lbs x 12
Set 3: 12.5 lbs x 12
Dumbbell Bench Press
Set 1: 30 lbs x 10
Set 2: 30 lbs x 12
Set 3: 35 lbs x 8
Barbell Romanian Deadlift
Set 1: 60 lbs x 10
Set 2: 60 lbs x 10
Set 3: 60 lbs x 6",3846,0,,,false,,,,,,3846.0,3846.0,0.0,,0.0,,,,,,0.0,,,,,,,,,,,,,,,,,,,,,,,,,0.0,,0.0,,,,,,,,,,,,,,,,,,,,,,,,,,,,0.0,0.0,,,,,0.0,,,,,,,0.0,,,,,,,,,""
16556906611,"Nov 24, 2025, 9:54:15 PM","Jefit - Core, Upper Legs, Chest, Back, Shoulders",Weight Training,"6 Exercises performed, 7520 lbs weight lifted
Plank
Set 1: 00:01:00
Machine Leg Press
Set 1: 90 lbs x 6
Set 2: 110 lbs x 8
Set 3: 130 lbs x 6
Barbell Bench Press
Set 1: 65 lbs x 10
Set 2: 95 lbs x 6
Set 3: 95 lbs x 6
Cable Lat Pulldown (Wide Grip)
Set 1: 70 lbs x 8
Set 2: 80 lbs x 6
Set 3: 80 lbs x 6
Barbell Romanian Deadlift
Set 1: 95 lbs x 6
Set 2: 95 lbs x 6
Set 3: 95 lbs x 6
Dumbbell Lateral Raise
Set 1: 12.5 lbs x 9
Set 2: 12.5 lbs x 9
Set 3: 12.5 lbs x 6",4085,0,,,false,,,,,,4085.0,4085.0,0.0,,0.0,,,,,,0.0,,,,,,,,,,,,,,,,,,,,,,,,,0.0,,0.0,,,,,,,,,,,,,,,,,,,,,,,,,,,,0.0,0.0,,,,,0.0,,,,,,,,,,,,,,,,""
16510465920,"Nov 20, 2025, 12:00:21 AM",Evening Run,Run,The cold doesn’t stop me 💪,3248,5.79,,,false,,Nike React X Infinity Run 4,activities/16510465920.gpx,,,3248.0,2249.0,5794.4,4.16,2.576,47.9,42.1,102.5,151.0,8.4,0.1,,,,,,,,,522.0,,,,,,,,,,,,,,,,0.0,,1.0,5825.2,,,,,,,,,,,,,,,,24519693.0,,,,,,,,,,,1.784,0.0,,,,5786.0,0.0,,,,2.59,,,,,,,,,,,,media/2F83D323-220E-4D23-BB2F-746BD8DFEDE7.jpg|media/D4C251F6-635D-4AFA-874A-54A6FEB88D9B.jpg
16490344292,"Nov 18, 2025, 12:47:27 AM","Jefit - Biceps, Shoulders, Chest",Weight Training,"3 Exercises performed, 2650 lbs weight lifted
Dumbbell Alternating Bicep Curl
Set 1: 25 lbs x 6
Set 2: 25 lbs x 6
Set 3: 25 lbs x 8
Dumbbell Lateral Raise
Set 1: 5 lbs x 10
Set 2: 5 lbs x 10
Set 3: 5 lbs x 10
Barbell Bench Press
Set 1: 65 lbs x 10
Set 2: 75 lbs x 10
Set 3: 75 lbs x 8",1736,0,,,false,,,,,,1736.0,1736.0,0.0,,0.0,,,,,,0.0,,,,,,,,,,,,,,,,,,,,,,,,,0.0,,0.0,,,,,,,,,,,,,,,,,,,,,,,,,,,,0.0,0.0,,,,,0.0,,,,,,,,,,,,,,,,""
16451169819,"Nov 13, 2025, 11:46:40 PM","Jefit - Back, Shoulders, Chest, Biceps",Weight Training,"4 Exercises performed, 4580 lbs weight lifted
Cable Lat Pulldown (Wide Grip)
Set 1: 70 lbs x 10
Set 2: 70 lbs x 10
Set 3: 70 lbs x 10
Dumbbell Shoulder Press
Set 1: 15 lbs x 12
Set 2: 15 lbs x 12
Set 3: 15 lbs x 8
Barbell Bench Press
Set 1: 65 lbs x 10
Set 2: 65 lbs x 8
Set 3: 85 lbs x 8
Dumbbell Alternating Bicep Curl
Set 1: 15 lbs x 10",2412,0,,,false,,,,,,2412.0,2412.0,0.0,,0.0,,,,,,0.0,,,,,,,,,,,,,,,,,,,,,,,,,0.0,,0.0,,,,,,,,,,,,,,,,,,,,,,,,,,,,0.0,0.0,,,,,0.0,,,,,,,,,,,,,,,,""
16450787326,"Nov 13, 2025, 11:26:27 PM",Evening Ride,Ride,"",332,1.05,,,false,,,activities/16450787326.gpx,,9.0,332.0,307.0,1055.3,13.18,3.437,14.3,0.0,94.1,109.2,4.7,1.3,,,,,,,,89.0,30.0,,,,,,,,,,,,,,,,0.0,,1.0,,,,,,,,,,,,,,,,,,,,,,,,,,,,3.179,0.0,,,,,0.0,,,,,,,,,,,,,,,,media/8A7CD03A-BB27-41FD-A979-412D09376BD0.jpg
16379855785,"Nov 7, 2025, 1:35:11 AM",Evening Ride,Ride,Cold,638,2.52,,,false,,,activities/16379855785.gpx,,9.0,638.0,545.0,2521.7,11.493,4.627,0.0,26.0,81.4,108.9,4.4,-1.1,,,,,,,,46.0,31.0,,,,,,,,,,,,,,,,0.0,,1.0,,,,,,,,,,,,,,,,,,,,,,,,,,,,3.953,0.0,,,,,0.0,,,,,,,,,,,,,,,,media/5FE1CC85-7D5E-46C9-9131-DAC2D1222F30.jpg
16369239966,"Nov 6, 2025, 12:09:32 AM",Evening Run in Jacket 🏃,Run,Running in the Mist 🌫️,2019,4.67,,,false,,Nike React X Infinity Run 4,activities/16369239966.gpx,,,2019.0,1714.0,4669.8,4.3,2.725,20.3,19.3,94.0,114.5,4.0,0.0,,,,,,,,,420.0,,,,,,,,,,,,,,,,0.0,,1.0,4684.8,,,,,,,,,,,,,,,,24519693.0,,,,,,,,,,,2.313,91.4,,,,4536.0,0.0,,,,2.733,,,,,,,,,,,,media/89933DFE-3E59-4E90-835E-889EBAD3C05B.jpg|media/6141648F-47B1-439B-BB67-23EB50B6A39D.jpg
16297699250,"Oct 29, 2025, 11:10:00 PM",Peak UofT,Run,Running + blue jays 🦅,2583,5.35,,,false,,,activities/16297699250.gpx,,,2583.0,1994.0,5352.7,4.78,2.684,29.1,29.0,105.8,118.7,11.8,0.0,,,,,,,,,484.0,,,,,,,,,7.0,,,,,0.0,63.0,0.0,,1.0,5400.1,,,,,,,,,,,,,,,,,,,,,,,,,,,2.072,478.6,,,,5294.0,0.0,,,,2.708,,,0.0,,,,,,,,,media/46F3ADA5-5F17-4566-92FC-B8A9EBA9C8E9.jpg|media/FA4B9BC5-3437-4FBA-BC96-C28780966092.jpg|media/27EE6AB4-1A5D-4771-81B5-8EAE8C422C56.jpg|media/C9199B64-8191-48C6-83C0-8B52FF95CF84.jpg
16286100850,"Oct 28, 2025, 9:14:12 PM",Running in circles,Run,"",340,1.04,,,false,,Nike React X Infinity Run 4,activities/16286100850.gpx,,,340.0,327.0,1044.9,4.52,3.195,0.0,0.0,107.4,109.0,4.3,0.0,,,,,,,,,94.0,,,,,,,,,,,,,,,,0.0,,1.0,1047.0,,,,,,,,,,,,,,,,24519693.0,,,,,,,,,,,3.073,0.0,,,,840.0,0.0,,,,3.202,,,,,,,,,,,,media/CD248E36-A31B-4271-A2CA-3159B53251D4.jpg|media/B750D359-D333-451E-A640-9B5FD89245EB.jpg|media/5ADAF4A6-2C4F-4E07-9F1D-C5031D77D677.jpg
16255396951,"Oct 25, 2025, 7:05:32 PM",Drawing the border around UofT,Run,Nothing better than working then running then working again,3219,3.97,,,false,,Nike React X Infinity Run 4,activities/16255396951.gpx,,,3219.0,1442.0,3976.1,5.64,2.757,14.8,15.0,102.1,114.8,13.7,0.0,,,,,,,,,358.0,,,,,,,,,,,,,,,,0.0,,1.0,3995.5,,,,,,,,,,,,,,,,24519693.0,,,,,,,,,,,1.235,44.7,,,,3552.0,0.0,,,,2.771,,,,,,,,,,,,media/9F391928-3DD1-4FA0-9792-93E374EDCA8D.jpg|media/D2E560D5-9465-4D59-834C-2534B1E6F899.jpg|media/72A198F1-88F6-4D32-9744-271CE9CE0447.jpg|media/2A159B02-F767-4317-88AB-E883A15ABC62.jpg|media/E563F8D4-C2F2-4526-B3B5-33D373CE5AB8.jpg|media/86CBACE9-D70D-4C83-BF1C-66EED5177875.jpg|media/F3179C85-4F7D-47BE-A718-879AB1D3FF6D.jpg|media/6DDDE6BD-3936-4EEB-A47E-B35B9485A47C.jpg|media/7DB7FEAD-D8F3-40D3-BB8F-9FF2FF88338B.jpg
16246820307,"Oct 25, 2025, 1:28:46 AM",Blue Jays,Ride,"",736,2.64,,,false,,,activities/16246820307.gpx,,9.0,736.0,664.0,2641.7,11.34,3.978,0.0,26.0,81.5,107.7,1.6,-1.0,,,,,,,,62.0,46.0,,,,,,,,,,,,,,,,0.0,,1.0,,,,,,,,,,,,,,,,,,,,,,,,,,,,3.589,0.0,,,,,0.0,,,,,,,0.0,,,,,,,,,media/1715E9BC-7299-4109-9372-9273C4CD87A0.jpg|media/743B3A0E-EDEE-43AF-9102-98743C3A7E76.jpg
16227576311,"Oct 22, 2025, 11:20:41 PM",Glow,Run,"",2510,5.49,,,false,,Nike React X Infinity Run 4,activities/16227576311.gpx,,,2510.0,2046.0,5492.1,5.54,2.684,27.2,28.8,105.8,118.7,10.1,0.0,,,,,,,,,496.0,,,,,,,,,,,,,,,,0.0,,1.0,5531.7,,,,,,,,,,,,,,,,24519693.0,,,,,,,,,,,2.188,472.9,,,,5666.0,0.0,,,,2.704,,,,,,,,,,,,media/EA49CF7D-9EBA-457B-86AC-84613931EF9F.jpg|media/94B57C2F-C7ED-4290-9426-941582BD22CC.jpg|media/ECDA51E0-34C9-44D6-BDF8-BB107EA45A62.jpg
16206137215,"Oct 20, 2025, 11:11:37 PM",Evening Run,Run,"",2726,5.81,,,false,,Nike React X Infinity Run 4,activities/16206137215.gpx,,,2726.0,2218.0,5816.5,5.52,2.622,29.3,29.1,105.8,118.8,9.5,0.0,,,,,,,,,525.0,,,,,,,,,,,,,,,,0.0,,1.0,5856.9,,,,,,,,,,,,,,,,24519693.0,,,,,,,,,,,2.134,429.7,,,,5920.0,0.0,,,,2.641,,,,,,,,,,,,media/BC2C611A-FC35-49AB-8B73-D00A87511387.jpg
16180553297,"Oct 18, 2025, 1:39:12 PM",Morning Run,Run,"",374,1.20,,,false,,Nike React X Infinity Run 4,activities/16180553297.gpx,,,374.0,374.0,1203.8,5.86,3.219,0.0,0.0,158.3,159.9,3.8,0.0,,,,,,,,,108.0,,,,,,,,,,,,,,,,0.0,,1.0,1209.5,,,,,,,,,,,,,,,,24519693.0,,,,,,,,,,,3.219,0.0,,,,1002.0,0.0,,,,3.234,,,,,,,,,,,,media/88B389E7-015D-4EDD-9350-071EF8F4D6E4.jpg
16173708708,"Oct 17, 2025, 9:12:57 PM",Afternoon Ride,Ride,"",797,3.07,,,false,,,activities/16173708708.gpx,,9.0,797.0,781.0,3077.6,10.02,3.941,0.0,29.2,79.0,108.3,4.5,-1.0,,,,,,,,60.0,48.0,,,,,,,,,,,,,,,,0.0,,1.0,,,,,,,,,,,,,,,,,,,,,,,,,,,,3.861,0.0,,,,,0.0,,,,,,,,,,,,,,,,""
16155202587,"Oct 15, 2025, 10:20:06 PM",Night Walk,Walk,"",828,1.00,,,false,,,activities/16155202587.gpx,,,828.0,813.0,1004.7,7.3,1.236,0.0,5.4,183.1,188.1,6.9,-0.2,,,,,,,,,160.0,,,,,,,,,,,,,,,,0.0,,1.0,,,,,,,,,,,,,,,,,,,,,,,,,,,,1.213,0.0,,,,1242.0,0.0,,,,,,,,,,,,,,,,media/8D2BE7BF-34AC-486E-AF2A-77AEB2589AD5.jpg
16106155997,"Oct 11, 2025, 1:43:32 PM",Goose 🪿 Run,Run,"",220,0.63,,,false,,Nike React X Infinity Run 4,activities/16106155997.gpx,,,220.0,212.0,630.3,4.14,2.973,0.0,0.0,158.3,159.9,3.4,0.0,,,,,,,,,57.0,,,,,,,,,,,,,,,,0.0,,1.0,633.0,,,,,,,,,,,,,,,,24519693.0,,,,,,,,,,,2.865,0.0,,,,532.0,0.0,,,,2.986,,,,,,,,,,,,media/097A09A1-A265-4F10-918B-09EC6E434266.jpg|media/21F87F29-B7A7-40B2-8EE8-3509C0274945.jpg|media/2DD28009-0B79-4BFC-A524-D16DC1160D43.jpg|media/F30019CC-7D3D-4FA5-A27B-61FD6F15463E.jpg
16080375585,"Oct 8, 2025, 11:12:05 PM",Grind never stops 🏃 ❄️,Run,"",2252,4.75,,,false,,Nike React X Infinity Run 4,activities/16080375585.gpx,,,2252.0,2107.0,4749.8,4.56,2.254,13.3,13.3,108.7,122.0,3.6,0.0,,,,,,,,,427.0,,,,,,,,,,,,,,,,0.0,,1.0,4757.7,,,,,,,,,,,,,,,,24519693.0,,,,,,,,,,,2.109,0.0,,,,4632.0,0.0,,,,2.258,,,0.0,,,,,,,,,media/4D8318C9-F5E4-49B2-8B07-03010B73C674.jpg
16052210104,"Oct 3, 2025, 7:16:01 PM",Walk,Walk,"",2686,3.12,,,false,,,activities/16052210104.gpx,,,2686.0,2404.0,3122.5,4.74,1.299,24.8,195.7,148.0,159.5,13.2,0.1,,,,,,,,,2381.0,,,,,,,,,,,,,,,,0.0,,1.0,,,,,,,,,,,,,,,,,,,,,,,,,,,,1.163,0.0,,,,6594.0,0.0,,,,,,,,,,,,,,,,""
16014335975,"Oct 2, 2025, 9:38:39 PM",Back Home,Run,"",1307,2.21,,,false,,Nike React X Infinity Run 4,activities/16014335975.gpx,,,1307.0,1009.0,2210.0,3.92,2.19,16.1,16.2,154.6,160.9,36.5,0.0,,,,,,,,,201.0,,,,,,,,,,,,,,,,0.0,,1.0,2243.0,,,,,,,,,,,,,,,,24519693.0,,,,,,,,,,,1.691,0.0,,,,2274.0,0.0,,,,2.223,,,,,,,,,,,,media/E215D935-FC35-402C-B7CF-39654924A670.jpg|media/3946F650-F3C5-4DFE-AB0C-1D4C39587618.jpg
15960605817,"Sep 28, 2025, 7:31:55 AM",Runnin in Burkenstoks,Run,Last run of the season,191,0.55,,,false,,Nike React X Infinity Run 4,activities/15960605817.gpx,,,191.0,191.0,556.3,5.833,2.913,9.1,6.3,43.9,54.9,6.8,1.1,,,,,,,,,53.0,,,,,,,,,5.0,,,,,0.0,3.0,0.0,,1.0,593.0,,,,,,,,,,,,,,,,24519693.0,,,,,,,,,,,2.913,0.0,,,,468.0,0.0,,,,3.105,,,,,,,,,,,,media/BA6438DC-F4E5-451D-BEF9-F2CDC1F8F66C.jpg|media/A68F0413-B260-459A-9941-28B092DBE29A.jpg|media/E1C12253-FCA2-4345-AAEE-9547F4EDC23E.mp4|media/CC9C69A2-8618-4BF3-9C96-38448C3755E9.jpg|media/6F2C026C-2F9B-4060-A94A-75D16F52FD4D.jpg|media/0A49E9ED-88EB-4087-84E8-57FAC7BF7103.jpg
15860933804,"Sep 19, 2025, 2:38:10 AM",Running toward Tea,Run,Google maps keeps leading me inside ppls homes 😭,3017,4.20,,,false,,Nike React X Infinity Run 4,activities/15860933804.gpx,,,3017.0,2028.0,4200.1,4.2,2.071,66.7,73.2,34.4,57.3,32.8,-0.1,,,,,,,,,398.0,,,,,,,,,,,,,,,,0.0,,1.0,4438.5,,,,,,,,,,,,,,,,24519693.0,,,,,,,,,,,1.392,0.0,,,,4152.0,0.0,,,,2.189,,,,,,,,,,,,media/57D60C2F-533E-43B2-8DB8-D2ABD5F66F28.jpg|media/F63A1FB5-7D7E-4B54-A486-AEB3540E6AB0.jpg|media/BE932129-43A5-4FB5-B37E-5D546E98423C.jpg
15826265163,"Sep 16, 2025, 2:55:39 AM",one’s for the underdogs,Run,Trucks 🛻,737,2.13,,,false,,Nike React X Infinity Run 4,activities/15826265163.gpx,,,737.0,737.0,2138.1,4.58,2.901,22.6,27.3,41.1,55.1,13.7,-0.1,,,,,,,,,207.0,,,,,,,,,,,,,,,,0.0,,1.0,2308.9,,,,,,,,,,,,,,,,24519693.0,,,,,,,,,,,2.901,0.0,,,,1982.0,0.0,,,,2.919,,,,,,,,,,,,media/864B1F9A-00AA-4BE3-BE58-E4504B37DA98.jpg|media/D6AD4B3C-0FB8-42D5-B015-7CB354A1F32E.jpg|media/D545A90E-80A3-4A34-9895-097BFF84E952.jpg
15804122896,"Sep 14, 2025, 4:09:19 AM",Snack Run! 🏃,Run,"",1510,2.87,,,false,,Nike React X Infinity Run 4,activities/15804122896.gpx,,,1510.0,1187.0,2875.3,3.92,2.422,35.4,40.0,33.2,54.9,18.7,0.0,,,,,,,,,266.0,,,,,,,,,,,,,,,,0.0,,1.0,2971.2,,,,,,,,,,,,,,,,24519693.0,,,,,,,,,,,1.904,0.0,,,,2598.0,0.0,,,,2.503,,,,,,,,,,,,media/C8F0F0BA-4FA8-4C78-AD1F-C92B16E8AB50.jpg|media/D329D251-A55A-4D96-A374-A63618599B3C.jpg|media/185189F0-C388-4BD3-8BDB-611AB98846AE.jpg
15771134351,"Sep 11, 2025, 3:50:09 AM",Never miss a day 😤,Run,"",838,2.25,,,false,,Nike React X Infinity Run 4,activities/15771134351.gpx,,,838.0,819.0,2254.4,4.46,2.753,39.1,39.0,36.5,55.1,35.3,0.0,,,,,,,,,217.0,,,,,,,,,,,,,,,,0.0,,1.0,2420.9,,,,,,,,,,,,,,,,24519693.0,,,,,,,,,,,2.69,0.0,,,,2096.0,0.0,,,,2.956,,,,,,,,,,,,media/EE4ECF1C-A93B-424C-BB7A-2E9229E813D0.jpg|media/546E2D75-14E6-40C9-A83E-327CAFFC1FB8.jpg
15759765403,"Sep 10, 2025, 3:41:47 AM",Sandal Run 🩴,Run,"",594,1.48,,,false,,Nike React X Infinity Run 4,activities/15759765403.gpx,,,594.0,583.0,1487.0,5.72,2.551,14.3,19.2,41.0,54.9,15.2,-0.1,,,,,,,,,135.0,,,,,,,,,,,,,,,,0.0,,1.0,1510.5,,,,,,,,,,,,,,,,24519693.0,,,,,,,,,,,2.503,0.0,,,,1400.0,0.0,,,,2.591,,,,,,,,,,,,media/9350BAF9-4543-410A-978C-54C9173200AD.jpg|media/5AABD22A-5034-446E-B1C4-53588A55DC1B.jpg|media/721D8385-06C8-43CE-9174-321BD9EF1833.jpg|media/4C682521-C686-45FF-9BCA-D73327D84CAA.jpg
15737966702,"Sep 8, 2025, 6:35:10 AM",Thrissur Pulikalli,Walk,"",9321,4.19,,,false,,,activities/15737966702.gpx,,,9321.0,3530.0,4195.9,6.557,1.189,31.3,27.5,12.4,37.4,49.3,-0.1,,,,,,,,,376.0,,,,,,,,,,,,,,,,0.0,,1.0,,,,,,,,,,,,,,,,,,,,,,,,,,,,0.45,1019.1,,,,5408.0,0.0,,,,,,,,,,,,,,,,media/B6E41352-D24A-4876-B42E-034A3BBFDD78.jpg|media/75B3BDB9-79D6-4971-929D-63BBE033D7A4.jpg|media/E0A4AE2A-2903-4BC5-8925-5532F74F0068.jpg|media/D3FC8511-3896-4BC4-9ADA-ABB2926C8B22.jpg|media/B65DD6BD-231A-44E4-A7A0-5C20F0F028F4.jpg|media/3CB4F789-FAED-4416-8852-B0013B2FDC67.mp4|media/BCC5B24B-3FF6-4528-B444-B238849AA2A3.jpg
15733574092,"Sep 7, 2025, 2:21:37 PM",Night Walk in the City,Walk,Walked into a private membership club today. Such a weird place,7924,5.29,,,false,,,activities/15733574092.gpx,,,7924.0,4603.0,5293.1,8.41,1.15,40.0,44.5,907.5,921.0,25.5,0.0,,,,,,,,,475.0,,,,,,,,,,,,,,,,0.0,,1.0,,,,,,,,,,,,,,,,,,,,,,,,,,,,0.668,31.9,,,,7616.0,0.0,,,,,,,,,,,,,,,,media/521C49DD-F32B-4FE9-A851-275CCC20F133.jpg|media/47D5F9D7-D609-455D-98BA-865C107C3128.jpg|media/401285FD-29EA-41B5-9BE9-74FE6C64C741.jpg|media/DEAC1CFF-D32D-48EE-8F3C-755A43F29B9E.jpg|media/B9155D5D-1537-4D0B-B27C-8328C9D03A31.jpg|media/9450F7D1-322D-4615-A114-150D1F870481.jpg
15690258988,"Sep 4, 2025, 3:10:44 AM",F1 Speed 🏎️🏎️,Run,"",1056,2.70,,,false,,Nike React X Infinity Run 4,activities/15690258988.gpx,,,1056.0,1019.0,2700.6,4.39,2.65,32.8,37.1,33.2,55.5,27.2,0.0,,,,,,,,,254.0,,,,,,,,,7.0,,,,,0.0,32.0,0.0,,1.0,2829.5,,,,,,,,,,,,,,,,24519693.0,,,,,,,,,,,2.557,0.0,,,,2488.0,0.0,,,,2.777,,,,,,,,,,,,media/BEF34B17-3BD4-47B5-A635-A8F2DB01AC3D.jpg|media/D27AE423-9BF5-4AAF-81C4-185052FC5543.jpg|media/87B48AD9-3AA9-4ACA-A439-51A7D25287B8.jpg|media/CB36193A-D09D-4847-BE69-7691879936B3.jpg|media/BC55C221-48FE-4925-ADF8-52DBED83BDCE.jpg
15655213705,"Sep 1, 2025, 3:17:12 AM",Run 🏃 Against the dog 🐕,Run,"",1726,4.03,,,false,,Nike React X Infinity Run 4,activities/15655213705.gpx,,,1726.0,1660.0,4033.0,3.84,2.43,67.3,70.1,34.0,57.9,18.0,0.0,,,,,,,,,379.0,,,,,,,,,,,,,,,,0.0,,1.0,4221.6,,,,,,,,,,,,,,,,24519692.0,,,,,,,,,,,2.337,0.0,,,,3814.0,0.0,,,,2.543,,,0.0,,,,,,,,,media/718A8209-4C0F-4134-A07B-5263D3E0DCD5.jpg|media/D4B3A18C-7D3B-460C-B6DE-7FBCE8C2D804.jpg|media/5684D38A-A9CF-4CCD-A81B-8DFCD4D8ECD4.jpg
15652502976,"Aug 31, 2025, 2:42:38 PM",Brisk walk,Walk,"",925,0.54,,,false,,,activities/15652502976.gpx,,,925.0,402.0,545.7,9.08,1.357,17.8,18.6,36.7,56.7,32.4,-0.8,,,,,,,,,49.0,,,,,,,,,,,,,,,,0.0,,1.0,,,,,,,,,,,,,,,,,,,,,,,,,,,,0.59,0.0,,,,594.0,0.0,,,,,,,,,,,,,,,,""
15577844246,"Aug 24, 2025, 3:42:56 AM",Closed on Sunday,Run,Uncles looking at me like I’m running from elephants,50793,3.02,,,false,"",Nike React X Infinity Run 4,activities/15577844246.gpx,,,50793.0,1481.0,3020.5,6.507,2.04,117.7,93.2,535.7,621.2,45.1,1.3,,,,,,,,,310.0,,,,,,,,,3.0,,,,,0.0,12.0,0.0,,1.0,3451.9,,,,,,,,,,,,,,,,24519692.0,,,,,,,,,,,0.059,0.0,,,,3144.0,0.0,,,,2.331,,,0.0,0.0,,,,0.0,,,,media/66220101-5E1F-4B21-8724-0D4DE4F7DB57.jpg|media/DEC18BD4-C68C-4741-9F43-21C6CD3CC07F.jpg|media/E959F04D-B659-402B-A627-1BF766FD8702.jpg|media/3CE201ED-4774-459D-A0BC-DEFBF65791C4.jpg|media/8284914B-7EC7-4C5F-A0EA-9D3840C2945F.jpg|media/E8DF86BE-BC45-4ED0-B054-A72112A74299.jpg|media/3A5C4ED2-2E36-4DF8-B28F-E8C506D92398.jpg|media/C48EC647-F4F8-418F-9C35-F65B9612DB2E.jpg|media/81F6AEF6-0505-48D5-9274-58018CF0EA9E.jpg
15560634893,"Aug 23, 2025, 12:08:47 PM",Night Hike,Hike,"",2369,0.93,,,false,,,activities/15560634893.gpx,,,2369.0,971.0,936.3,3.86,0.964,17.9,30.1,550.6,620.0,41.2,-1.5,,,,,,,,,84.0,,,,,,,,,,,,,,,,0.0,,1.0,,,,,,,,,,,,,,,,,,,,,,,,,,,,0.395,0.0,,,,2026.0,0.0,,,,,,2026.0,,,,,,,,,,""
15473989541,"Aug 16, 2025, 1:53:16 AM",Running from the FEDs 🚨,Run,"Half of this was me being trying to cross the road
It’s me Uncles and stray dogs",5132,6.85,,,false,,Nike React X Infinity Run 4,activities/15473989541.gpx,,,5132.0,3138.0,6857.7,4.4,2.185,21.2,41.1,517.0,543.9,34.6,-0.4,,,,,,,,,617.0,,,,,,,,,7.0,,,,,0.0,123.0,0.0,,1.0,6882.1,,,,,,,,,,,,,,,,24519692.0,,,,,,,,,,,1.336,10.0,,,,7112.0,0.0,,,,1.786,,,,,,,,,,,,media/7D9D28F3-CBE1-4018-80DA-7955132494F8.jpg|media/548542C3-103D-4398-844B-AB2C367B3366.jpg|media/A71FE6C9-DBEE-48D7-A204-E05C638C6B34.jpg|media/BD40FA66-8BAF-4834-BDBA-92EE6E3E4A3F.jpg|media/4CC372A4-72A9-474C-A2AE-6AE5F2266CAF.jpg|media/2DD681B6-4A1C-4A46-91BC-12532FB29AF7.jpg|media/B92A4BC2-B92D-4A72-9142-71506A3A8051.jpg|media/AFB38F77-F4C3-49C2-A097-E20DE292F376.jpg
15429985897,"Aug 12, 2025, 5:14:31 PM","Jefit - Chest, Shoulders, Back",Weight Training,"3 Exercises performed, 3280 lbs weight lifted
Barbell Bench Press
Set 1: 85 lbs x 12
Set 2: 95 lbs x 8
Set 3: 95 lbs x 8
Dumbbell Shoulder Press
Set 1: 17.5 lbs x 8
Cable Lat Pulldown (Wide Grip)
Set 1: 60 lbs x 10",1882,0,,,false,,,,,,1882.0,1882.0,0.0,,0.0,,,,,,0.0,,,,,,,,,,,,,,,,,,,,,,,,,0.0,,0.0,,,,,,,,,,,,,,,,,,,,,,,,,,,,0.0,0.0,,,,,0.0,,,,,,,,,,,,,,,,""
15399538231,"Aug 9, 2025, 12:06:11 PM",Stroll,Walk,"",5442,4.19,,,false,,,activities/15399538231.gpx,,,5442.0,3746.0,4197.5,3.86,1.121,30.6,15.5,375.4,400.3,35.3,0.4,,,,,,,,,376.0,,,,,,,,,3.0,,,,,0.0,36.0,0.0,,1.0,,,,,,,,,,,,,,,,,,,,,,,,,,,,0.771,0.0,,,,6064.0,0.0,,,,,,,,,,,,,,,,media/EA295DC6-767A-4446-9CF8-CA49E4369B16.jpg|media/1261B263-E0A4-4961-AA95-D523653D1697.jpg|media/67F52382-DC5F-4879-8EB1-CD011A74212E.jpg|media/DB47CDF0-F966-4B56-ADBA-B94EE8A7269F.jpg|media/1895BDED-4986-426D-85E1-905EB5D72E30.jpg
15397163156,"Aug 9, 2025, 6:27:46 AM",Hike on Rocks,Hike,"",7228,5.06,,,false,,,activities/15397163156.gpx,,,7228.0,4568.0,5063.7,5.72,1.109,179.6,203.0,1680.7,1814.0,49.0,-0.6,,,,,,,,,454.0,,,,,,,,,3.0,,,,,0.0,67.0,0.0,,1.0,,,,,,,,,,,,,,,,,,,,,,,,,,,,0.701,5027.4,,,,8642.0,0.0,,,,,,8642.0,,,,,,,,,,media/74711A86-D7CB-46A1-907F-17B367CBF3E8.jpg|media/19826AC3-A4B6-4616-9AD2-85C7B72795FA.jpg|media/8EFB9E79-05D1-4E63-8FAA-B39DC4952A7F.jpg|media/C4B96405-A0A7-4A13-A448-E4050FF6E169.jpg|media/14B5C3F7-5CD3-49E8-8F60-AF3F0AF7E259.jpg|media/12E5C14E-9966-46C2-BCB3-D4AD2F951E16.jpg
15385238369,"Aug 8, 2025, 6:15:47 AM",Just Systems Thinking,Run,Uphill was insane,1273,2.42,,,false,,Nike React X Infinity Run 4,activities/15385238369.gpx,,,1273.0,1234.0,2423.1,5.78,1.964,72.9,80.1,1262.2,1331.6,32.1,-0.2,,,,,,,,,245.0,,,,,,,,,3.0,,,,,0.0,10.0,0.0,,1.0,2729.2,,,,,,,,,,,,,,,,24519692.0,,,,,,,,,,,1.903,0.0,,,,2474.0,0.0,,,,2.212,,,,,,,,,,,,media/DAB4C3C1-4E23-478C-BEC9-62BE05E16D12.jpg|media/66BE137D-11D2-4211-88D8-7DFB81F55C0B.jpg|media/82737866-7C8C-45DE-8E54-F6F1A66ACA97.jpg|media/1F6B5523-A3EE-45A0-BEA8-C4E06CFC3B76.jpg|media/B0567570-2646-49C6-976D-70E3DD91BAAD.jpg
15384234791,"Aug 7, 2025, 4:20:10 PM",Regenerative Hike,Hike,Hey do you have a regenerative model ?,11887,2.82,,,false,,Nike React X Infinity Run 4,activities/15384234791.gpx,,,11887.0,2315.0,2823.3,4.62,1.22,49.9,204.9,1610.3,1808.4,42.7,-5.4,,,,,,,,,253.0,,,,,,,,,5.0,,,,,0.0,41.0,0.0,,1.0,,,,,,,,,,,,,,,,,24519692.0,,,,,,,,,,,0.238,1173.9,,,,4260.0,0.0,,,,,,4260.0,,,,,,,,,,media/6709CC93-C4ED-4902-AFFF-F151A2E61F48.jpg|media/814CD9FB-9DAC-48EE-9CEE-E0F6E3C9BAE8.jpg|media/DE614407-D99A-4FBA-9A5D-85F5961776AC.jpg|media/6D605A70-EEDE-4ED4-8989-BA36FE3276CB.jpg|media/817826C0-F6BA-44A8-8EE3-B84A77ED5510.jpg|media/EB967633-C57C-4BDE-B073-2A085451DE1E.jpg|media/E54A0E62-45E3-40E7-BB80-1A62E822130A.jpg
15366251610,"Aug 6, 2025, 5:08:16 AM",Hike to the Top 🌋🌄🇨🇭,Hike,Hunting in the Wild,7003,3.46,,,false,,Nike React X Infinity Run 4,activities/15366251610.gpx,,,7003.0,3125.0,3466.6,8.72,1.109,180.6,199.0,1275.2,1437.4,48.5,-0.6,,,,,,,,,311.0,,,,,,,,,4.0,,,,,0.0,34.0,0.0,,1.0,,,,,,,,,,,,,,,,,24519692.0,,,,,,,,,,,0.495,1742.7,,,,5618.0,0.0,,,,,,5618.0,,,,,,,,,,media/E2118C0C-6430-4287-BB07-74D73E6015F4.jpg|media/EEBC74B2-40B5-4B7E-992F-3789E2329FEE.jpg|media/FB2C62A6-A410-4E03-9B16-561167C95975.jpg|media/C01EAD07-65D7-4279-8BD6-37CD337FCA47.jpg|media/B643ADB7-C2D0-40F4-B7C6-50C647B83CD6.jpg|media/3A5D053D-2D94-4FC2-8D12-2819327B9011.jpg
15348379311,"Aug 5, 2025, 4:43:07 AM",Morning Run,Run,Trespass who?,2216,2.01,,,false,,Nike React X Infinity Run 4,activities/15348379311.gpx,,,2216.0,949.0,2016.3,5.88,2.125,54.2,52.8,1231.4,1284.5,37.7,0.0,,,,,,,,,196.0,,,,,,,,,,,,,,,,0.0,,1.0,2184.1,,,,,,,,,,,,,,,,24519692.0,,,,,,,,,,,0.91,0.0,,,,2104.0,0.0,,,,2.301,,,,,,,,,,,,media/295B50F7-9172-4238-B2FA-AF2418FD3B2B.jpg|media/3D15A6A8-D6CB-4C71-BAA7-19C145CB06A5.jpg|media/FBD84350-22D8-4256-9402-02B552D74DF6.jpg|media/5AC3E493-0A85-4D36-833F-2E6236D6F944.jpg|media/AA2DBE49-F64E-4AE7-9A2D-B945AE8FF9D2.jpg|media/B29270D4-0673-4839-A0E3-25821164B20F.jpg|media/AB56CB5A-BEC1-453F-B2E7-1F316548E088.jpg|media/C6310757-D7FF-4D25-A5EF-4E830554D0C3.jpg
15337162885,"Aug 4, 2025, 4:22:56 AM",6 am Run Club,Run,"",1881,2.23,,,false,,Nike React X Infinity Run 4,activities/15337162885.gpx,,,1881.0,1013.0,2232.6,4.16,2.204,60.0,51.2,1220.1,1280.6,47.1,0.3,,,,,,,,,215.0,,,,,,,,,3.0,,,,,0.0,8.0,0.0,,1.0,2397.4,,,,,,,,,,,,,,,,24519692.0,,,,,,,,,,,1.187,38.8,,,,2178.0,0.0,,,,2.367,,,,,,,,,,,,media/1AE415B3-13EB-4C13-95C6-3EC54886E633.jpg|media/E02DC727-E5B3-4CD1-AD36-FD363DB5F30D.jpg|media/F7611D2F-3AB1-412B-86EF-23FAD814D65E.jpg|media/0B6B23D6-6FAB-4D74-B840-FD480276DE31.jpg|media/CCABEE96-BB60-400E-8FB2-C3CC59683A0C.jpg|media/51BA9500-F9CD-4093-844D-150D4628B15B.jpg|media/F83A7349-07B0-48E7-9187-A3A352D5E1C2.jpg
15329737832,"Aug 3, 2025, 6:14:02 AM",Flyin through Switzerland,Run,Swiss Cheese 🧀,21352,6.31,,,false,,Nike React X Infinity Run 4,activities/15329737832.gpx,,,21352.0,2168.0,6312.7,5.72,2.912,51.6,53.2,374.9,406.8,49.5,0.0,,,,,,,,,574.0,,,,,,,,,8.0,,,,,0.0,93.0,0.0,,1.0,6404.6,,,,,,,,,,,,,,,,24519692.0,,,,,,,,,,,0.296,92.8,,,,5374.0,0.0,,,,2.954,,,,,,,,,,,,media/D1C771FB-7362-4E52-BBD5-1077CD66B63B.jpg|media/7A58ABB3-F10C-4F7E-A46C-E6A146F5AC2D.jpg|media/AF0699D6-7B6A-452B-9ADD-D0CC8E7B9E4E.jpg|media/9286191D-7ED5-45C9-B142-26A9D2783D22.jpg|media/3A0A56CD-FAF3-4490-A30F-A229E3A7BB03.jpg|media/8A64F6B2-4ADE-4C2A-8A91-B6F58576BD82.jpg|media/D0816148-D405-4BAE-AF4D-6241B260D755.jpg|media/8E2D7CFB-F9F6-4B54-BA9E-36BB147D486F.jpg|media/564A7AEE-AA60-42F3-9BB4-AF5245F2FBF2.jpg|media/33F901CF-73A8-4107-B272-372BE02F8936.jpg|media/D06584AE-B7D8-4638-A821-C023EAD29ED8.jpg|media/C21FFFC3-0CD2-499F-A571-E0D6682378B4.jpg|media/5E20D454-69C2-4E0B-A582-4348B5FAD056.jpg
15305555998,"Aug 1, 2025, 7:48:12 AM",Running towards food,Run,"",405,1.14,,,false,,Nike React X Infinity Run 4,activities/15305555998.gpx,,,405.0,368.0,1143.2,4.33,3.107,14.8,23.6,33.8,49.5,18.5,-0.5,,,,,,,,,106.0,,,,,,,,,,,,,,,,0.0,,1.0,1187.3,,,,,,,,,,,,,,,,24519692.0,,,,,,,,,,,2.823,0.0,,,,962.0,0.0,,,,3.226,,,,,,,,,,,,media/59B9D671-C1AB-4B1D-A8A3-63CA1CA7D498.jpg|media/EE9FAA47-F294-4BA4-BE05-DAFCC735D8C8.jpg|media/71897E60-A4BA-4AF2-B60E-252BD0CDACE7.jpg
16510646574,"Jul 25, 2025, 2:56:00 PM",Walking at the airport,Walk,"",3600,2.60,,,false,,Nike React X Infinity Run 4,,,,3600.0,3600.0,2600.0,,0.722,,,,,,0.0,,,,,,,,,233.0,,,,,,,,,,,,,,,,0.0,,0.0,,,,,,,,,,,,,,,,,24519693.0,,,,,,,,,,,0.722,0.0,,,,,0.0,,,,,,,,,,,,,,,,""
15181666326,"Jul 20, 2025, 8:27:01 PM",Berlin at Night,Run,I had to stop to change my phone at mid point,8082,5.02,,,false,,Nike React X Infinity Run 4,activities/15181666326.gpx,,,8082.0,2275.0,5027.6,4.22,2.21,7.8,12.3,34.6,41.4,12.1,-0.1,,,,,,,,,454.0,,,,,,,,,5.0,,,,,0.0,41.0,0.0,,1.0,5062.0,,,,,,,,,,,,,,,,24519692.0,,,,,,,,,,0.0,0.622,202.3,,,,4868.0,0.0,,,,2.225,,,,,,,,,,,,media/ED259700-54C6-425D-B7D5-3DB47BF8A29D.jpg|media/A3417D6B-4A03-4250-A029-03C98E4C9F92.jpg|media/16DB4DE8-D5A1-4572-A19F-D607BE7C8FAA.jpg|media/8C7CCAE2-572B-49D0-842C-59C37575A4D9.jpg|media/07F34168-974B-4505-8E43-81F0A2A6CBC0.jpg|media/AEBA32B7-D7C1-4853-A93F-A885C94533FF.jpg|media/0952138E-1647-4532-8AAD-9B2285337986.jpg|media/4CAD6D4F-34F4-479B-B88F-5A34ADDA9295.jpg
15177655787,"Jul 19, 2025, 8:12:13 PM",Late night run - the grind never stops,Run,I missed my bus to Berlin cuz of this 😭,1664,3.65,,,false,,Nike React X Infinity Run 4,activities/15177655787.gpx,,,1664.0,1317.0,3657.6,5.02,2.777,2.5,31.0,85.1,116.3,6.3,-0.8,,,,,,,,,324.0,,,,,,,,,,,,,,,,0.0,,1.0,3611.7,,,,,,,,,,,,,,,,24519692.0,,,,,,,,,,0.0,2.198,231.8,,,,3270.0,0.0,,,,2.444,,,,,,,,,,,,media/DF2A90E3-99A7-4956-83F3-EDC203903A67.jpg|media/D286A91B-0002-41D8-BB8D-5B689C85632E.jpg|media/1FBDC5D2-5B7B-45A5-9680-1B9958E346D8.jpg|media/C66F748C-7643-4E06-90A9-8DFA0083B4B8.jpg|media/662BBC53-761E-457E-9194-563C1FFD93DB.jpg|media/54BC4E72-F50F-418F-89AD-3DDDFA7947A5.jpg
15153424026,"Jul 18, 2025, 5:31:23 AM",#womeninstem,Run,Ran with 4 absolute weapons today. Finding ICP for next product.,4224,5.40,,,false,,,activities/15153424026.gpx,,,4224.0,2137.0,5404.4,4.94,2.529,21.6,19.9,142.3,158.9,46.2,0.0,,,,,,,,,489.0,,,,,,,,,6.0,,,,,0.0,56.0,0.0,,1.0,5454.7,,,,,,,,,,,,,,,,,,,,,,,,,,0.0,1.279,1523.2,,,,4820.0,,,,,2.553,,,,,,,,,,,,media/C9A87BDB-7234-48BB-90D6-7290BCEE8BFC.jpg|media/7771BC6D-373B-417B-AB44-68A67869D46C.jpg|media/FD0FDB81-F5BD-41B5-B202-5CEB1EDD4657.jpg|media/AB665BD3-8AB6-44BE-B425-9FF8F3E78BD0.jpg|media/499406DE-3E34-4807-8150-F6991A1AD03E.jpg|media/1BB0363D-6C5C-4FB6-BEAF-908419AA1AF3.jpg|media/AA3695A4-C9B6-4F90-AEAD-2AFFA16F9E5E.jpg
15141291053,"Jul 17, 2025, 6:38:23 AM",In the woods today,Run,"",1334,2.35,,,false,,Nike React X Infinity Run 4,activities/15141291053.gpx,,,1334.0,1108.0,2355.1,6.3,2.126,7.0,6.5,149.8,157.2,4.5,0.0,,,,,,,,,212.0,,,,,,,,,,,,,,,,0.0,,1.0,2360.8,,,,,,,,,,,,,,,,24519692.0,,,,,,,,,,0.0,1.765,78.1,,,,2316.0,,,,,2.131,,,,,,,,,,,,media/EAE00B0D-BA07-41FB-9820-5605B8A05968.jpg|media/F56B04A5-5F23-42FA-A9CD-3ED30D1765EF.jpg|media/09469DA7-7FDB-44BE-96D9-DE888919D400.jpg|media/47051B36-3FEB-4223-A00A-C1A19E1C2C06.jpg|media/54F85B9B-55A4-4623-B006-2003E14E5AD6.jpg|media/C71298DA-6BDD-4ADB-8770-D66DC2F906A7.jpg|media/5BE4269F-E008-4AA7-853E-82973CD719E5.jpg
15118566235,"Jul 15, 2025, 5:50:53 AM",Morning Run,Run,In the woods today,1424,2.86,,,false,,Nike React X Infinity Run 4,activities/15118566235.gpx,,,1424.0,1253.0,2860.7,4.26,2.283,16.6,16.4,154.4,162.1,9.0,0.1,,,,,,,,,260.0,,,,,,,,,,,,,,,,0.0,,1.0,2893.2,,,,,,,,,,,,,,,,24519692.0,,,,,,,,,,0.0,2.009,1211.2,,,,2788.0,,,,,2.309,,,,,,,,,,,,media/849914F0-B7F7-4AD5-8E2E-FA98B90DB334.jpg|media/1C342C88-CC33-4C78-89B0-ADF72B745251.jpg|media/9327B5F1-A0B5-43EC-9652-C5FD4EB77C2D.jpg|media/AD2C51DD-49BB-40F8-A139-806F4279B247.jpg
15075724006,"Jul 11, 2025, 5:04:12 AM",Morning run w/da bois,Run,[strava://athletes/71888041/9]Dan Ogden,2090,5.20,,,false,,Nike React X Infinity Run 4,activities/15075724006.gpx,,,2090.0,2090.0,5201.1,3.2,2.489,11.6,11.3,173.5,184.8,4.9,0.0,,,,,,,,,467.0,,,,,,,,,7.0,,,,,0.0,66.0,0.0,,1.0,5211.7,,,,,,,,,,,,,,,,24519692.0,,,,,,,,,,0.0,2.489,1357.6,,,,5486.0,,,,,2.494,,,,,,,,,,,,media/263D2933-F03B-408B-9CD4-E779B34EDBDA.jpg|media/7DABD949-0BC9-46C3-A09F-4F10382D0D1F.jpg|media/C46EEB63-4E79-4478-80E4-C2065255C1AE.jpg|media/43E77116-6C27-466A-8477-33DCBEE30E86.jpg|media/4945FF75-E3B1-4D23-826E-E234BAEADEC0.jpg|media/D4B27A77-5B3F-43A5-885D-D7E4370D9F36.jpg
15065388991,"Jul 10, 2025, 6:47:44 AM",Morning Run,Run,"",1640,3.40,,,false,,Nike React X Infinity Run 4,activities/15065388991.gpx,,,1640.0,1616.0,3402.3,4.54,2.105,6.2,5.8,176.8,183.1,6.2,0.0,,,,,,,,,306.0,,,,,,,,,7.0,,,,,0.0,51.0,0.0,,1.0,3409.0,,,,,,,,,,,,,,,,24519692.0,,,,,,,,,,0.0,2.075,1349.3,,,,3356.0,,,,,2.11,,,,,,,,,,,,media/279C8A0A-BBEE-47B8-81B1-EF110CFEA829.jpg|media/317BAD2B-3580-41BE-A9FD-52F60067456B.jpg|media/0816599F-154C-4987-AB65-A58801440902.jpg|media/C45C6C5A-16A5-4EDF-A434-E37E3CABEF74.jpg
15053758791,"Jul 9, 2025, 6:16:14 AM",Morning Run,Run,Another one,1479,3.02,,,false,,Nike React X Infinity Run 4,activities/15053758791.gpx,,,1479.0,1150.0,3026.3,5.18,2.632,6.0,4.9,180.9,187.0,3.5,0.0,,,,,,,,,272.0,,,,,,,,,,,,,,,,0.0,,1.0,3032.3,,,,,,,,,,,,,,,,24519692.0,,,,,,,,,,0.0,2.046,408.3,,,,2712.0,,,,,2.637,,,,,,,,,,,,media/96B260C2-60DB-43D9-8838-43E8EE9CBD6C.jpg|media/E6430367-62A4-4147-9053-ABC78521F559.jpg|media/08E8CFD3-80EC-40AB-BE3F-984B4F6A0AEF.jpg
15042468478,"Jul 8, 2025, 5:58:53 AM",Morning Run in the Middle of Nowhere,Run,I can smell cows,2286,4.00,,,false,,Nike React X Infinity Run 4,activities/15042468478.gpx,,,2286.0,1696.0,4003.0,4.14,2.36,10.7,12.3,177.0,185.0,13.6,0.0,,,,,,,,,361.0,,,,,,,,,7.0,,,,,0.0,54.0,0.0,,1.0,4028.3,,,,,,,,,,,,,,,,24519692.0,,,,,,,,,,0.0,1.751,1804.3,,,,3772.0,,,,,2.375,,,,,,,,,,,,media/39FF97AA-F327-47F9-AE57-89447B294DF7.jpg|media/D8B3F84B-C76F-491D-B576-D8F635ECCE9A.jpg|media/378D8FFC-D35B-46A9-B659-CC0CD101FEBA.jpg|media/C279AE5D-A5C7-4AFC-9EB6-08C4194C9144.jpg|media/52100E5C-1DC3-4999-A3F4-F562A0C564D6.mp4|media/930665D7-2689-4D65-9704-0A4CD7B2C997.jpg|media/2EF1C971-6041-4D64-A487-D7A5D4F64154.jpg|media/4410624D-3DC1-4199-BEE3-BCEE0C8F01D6.jpg|media/816D6675-76EA-47E9-A48C-C617539EB280.jpg
15032810445,"Jul 6, 2025, 2:58:59 AM",4 AM in Kraków,Run,"",109276,5.66,,,false,,Nike React X Infinity Run 4,activities/15032810445.gpx,,,109276.0,3263.0,5664.4,12.64,1.736,27.1,22.7,200.2,220.2,24.7,0.1,,,,,,,,,513.0,,,,,,,,,4.0,,,,,0.0,36.0,0.0,,1.0,5724.8,,,,,,,,,,,,,,,,24519692.0,,,,,,,,,,0.0,0.052,246.0,,,,4930.0,,,,,1.754,,,,,,,,,,,,media/99E13C1A-DB13-4424-96B8-43347623E48D.jpg|media/36D72BBE-BB20-447C-8E2D-3D42F042C37A.jpg|media/558588B2-49EE-43E3-A791-E805262AD7F7.jpg|media/CDDCCD72-C38F-4A32-BB0E-637F09B222CB.jpg|media/2D5FE44B-511F-4B99-87E7-00C5094A5D3B.jpg|media/DD1189D1-4293-4A88-A09D-1085F9F8EFDE.jpg|media/A3F5633A-3127-40BD-ABE9-39B2F74F1D81.jpg|media/C12B494B-8A0B-47B4-B0A1-3CCDBF9D6D02.jpg|media/26C4BAF7-63ED-4788-8775-393BDF3128CB.jpg
15020681122,"Jul 4, 2025, 6:37:31 PM",Morning Ride,Ride,"",1317,1.90,,,true,,,activities/15020681122.gpx,,,1317.0,656.0,1906.1,6.44,2.906,0.0,0.0,36.7,38.8,3.2,0.1,,,,,,,,43.0,32.0,,,,,,,,,,,,,,,,1.0,,1.0,,,,,,,,,,,,,,,,,,,,,,,,,,,0.0,1.447,0.0,,,,,0.41,,,,,,,,,,,,,,,,""
14958750764,"Jun 30, 2025, 3:29:50 AM",NY ❤️,Run,"",1986,3.33,,,false,,Nike Blue,activities/14958750764.gpx,,,1986.0,1384.0,3331.6,4.64,2.407,19.4,22.9,17.8,28.6,12.8,0.0,,,,,,,,,302.0,,,,,,,,,,,,,,,,0.0,,1.0,3366.9,,,,,,,,,,,,,,,,24357572.0,,,,,,,,,,0.0,1.678,7.4,,,,2870.0,,,,,2.433,,,,,,,,,,,,media/022B381B-59C8-4487-A1BE-69867C8EBAD5.jpg|media/93BAFF52-F4A1-455F-8FF5-992DF7AE647F.jpg|media/B0895434-6D12-4588-8B9A-041226A155F8.jpg|media/CFE0D273-982C-496C-8A85-AE82F91FCA86.jpg|media/E2B2005C-D301-4D4A-91AF-13D54AE91CE0.jpg|media/38108C88-8BBD-41D3-812D-8666DECA58EF.jpg|media/C7CBB271-2D10-43A2-B008-A7700B18D44F.jpg
14952488266,"Jun 29, 2025, 10:18:13 AM",Meeting with Lincoln,Run,"",8734,5.47,,,false,,Nike Blue,activities/14952488266.gpx,,,8734.0,2660.0,5470.8,4.24,2.057,29.7,20.3,1.1,15.5,26.9,0.2,,,,,,,,,499.0,,,,,,,,,8.0,,,,,0.0,114.0,0.0,,1.0,5560.3,,,,,,,,,,,,,,,,24357572.0,,,,,,,,,,0.0,0.626,1729.0,,,,5576.0,,,,,2.09,,,,,,,,,,,,media/C6817656-28F6-445D-8B2A-2F76665894DA.jpg|media/D2E56052-3BC3-4CC7-AB9D-384CA9E0A32D.jpg|media/8956307C-C1B8-4C05-B7BD-9E551E0B8F8F.jpg|media/AF395974-EA88-4314-8FC6-24B6FFE9C30B.jpg|media/F9F6E723-6EC7-4194-9C63-D7822BBBBD77.jpg|media/7E645ED1-6367-451B-95D6-BE42429F12F7.jpg|media/18EADCE9-C193-45B4-A535-44852D9DE55D.jpg|media/93EF8018-AE41-4980-AF8B-EA1AEFA243F3.jpg|media/EBC9F72F-8046-4600-921A-854E25D57200.jpg|media/87D065D7-6CD7-45B2-A6A2-A81D0187B5A6.jpg|media/7BB2A1BB-5305-44AF-AE2C-D727B60C16F6.jpg
14948104880,"Jun 29, 2025, 2:42:19 AM",Strollin,Ride,"",3834,5.60,,,false,,,activities/14948104880.gpx,,,3834.0,1976.0,5605.4,6.8,2.837,15.8,7.2,2.5,15.3,4.9,0.2,,,,,,,,52.0,115.0,,,,,,,,,,,,,,,,0.0,,1.0,,,,,,,,,,,,,,,,,,,,,,,,,,,0.0,1.462,0.0,,,,,,,,,,,,,,,,,,,,,media/BD908732-80CC-4CB4-947B-86F5A7254799.jpg|media/94F2D0BF-5A56-4B73-B0CD-8AC79DC95AA0.jpg|media/DE1A5F7F-573A-4E43-BC79-763A5E67C188.jpg|media/FB053D9F-6FE5-434A-A96D-C1FD51F05BB1.jpg|media/15364E68-A164-46B5-88BF-3CEEA1441D8B.jpg
14852815234,"Jun 19, 2025, 5:01:25 PM",Sf is sexy,Run,"",5868,6.54,,,false,,,activities/14852815234.gpx,,,5868.0,3360.0,6548.4,4.54,1.949,88.8,16.3,3.1,81.9,32.9,1.1,,,,,,,,,618.0,,,,,,,,,7.0,,,,,0.0,107.0,0.0,,1.0,6893.3,,,,,,,,,,,,,,,,,,,,,,,,,,0.0,1.116,1286.3,,,,6928.0,,,,,2.052,,,,,,,,,,,,media/B6A196A8-4B8C-439B-BD43-A990A3830B84.jpg|media/72140A94-9FF2-43B4-AA5F-3398C16C8C4E.jpg|media/C9749754-BF51-49D3-B760-A3B761CAD29F.jpg|media/8FF22596-BCD3-4E13-ACD0-13D0848C3B87.jpg|media/1E09D26A-885E-4029-BC72-F727F09DC5CF.jpg
14845873684,"Jun 19, 2025, 4:34:24 AM",Night Run,Walk,1 hacker way,1226,0.86,,,false,,,activities/14845873684.gpx,,,1226.0,595.0,864.8,3.54,1.453,0.0,0.0,2.6,3.7,1.8,-0.1,,,,,,,,,78.0,,,,,,,,,,,,,,0.0,,0.0,,1.0,864.3,,,,,,,,,,,,,,,,,,,,,,,,,,0.0,0.705,0.0,,,,2276.0,,,,,4.013,,,,,,,,,,,,media/68EE3B6D-655F-4DD6-B73A-6A5273FC7964.jpg
14811321214,"Jun 15, 2025, 7:25:51 PM",I did not expect this much of a work out,Ride,Beautiful place,2887,7.21,,,true,,,activities/14811321214.gpx,,,2887.0,2294.0,7210.0,7.66,3.143,89.0,27.3,14.2,85.1,8.9,0.9,,,,,,,,67.0,170.0,,,,,,,,,8.0,,,,,0.0,98.0,1.0,,1.0,,,,,,,,,,,,,,,,,,,,,,,,,,,0.0,2.497,139.6,,,,,1.57,,,,,,,,,,,,,,,,media/563D7587-5562-48EE-BF89-472F5E8B0028.jpg|media/A1BB38C6-A075-4161-9EFA-62F55406EB57.jpg|media/13D523BA-AD29-44F1-B3B1-99EA0248FE0E.jpg
14749309235,"Jun 9, 2025, 9:49:43 PM",Jefit - Chest,Weight Training,"2 Exercises performed, 1290 lbs weight lifted
Dumbbell Bench Press
Set 1: 27.5 lbs x 12
Set 2: 30 lbs x 12
Set 3: 30 lbs x 12
Dumbbell Fly
Set 1: 10 lbs x 12
Set 2: 10 lbs x 12",2805,0,,,false,,,,,,2805.0,2805.0,0.0,,0.0,,,,,,0.0,,,,,,,,,,,,,,,,,,,,,,,,,0.0,,0.0,,,,,,,,,,,,,,,,,,,,,,,,,,,0.0,0.0,0.0,,,,,,,,,,,,,,,,,,,,,""
14749345147,"Jun 9, 2025, 9:39:37 PM",Evening Run,Run,"",3722,1.30,,,false,,,activities/14749345147.gpx,,,3722.0,641.0,1299.1,12.14,2.027,5.0,4.0,101.4,106.7,5.7,0.0,,,,,,,,,117.0,,,,,,,,,,,,,,,,0.0,,1.0,1306.2,,,,,,,,,,,,,,,,,,,,,,,,,,0.0,0.349,10.2,,,,1308.0,,,,,2.038,,,,,,,,,,,,media/52209A1C-5AF1-42FD-ABB8-B72B068A2D09.jpg
14717978255,"Jun 6, 2025, 10:01:17 PM","Jefit - Biceps, Triceps",Weight Training,"2 Exercises performed, 720 lbs weight lifted
Barbell Curl
Set 1: 20 lbs x 6
Set 2: 20 lbs x 6
Set 3: 20 lbs x 6
Barbell Skull Crusher (Reverse Grip)
Set 1: 10 lbs x 12
Set 2: 10 lbs x 12
Set 3: 10 lbs x 12",1339,0,,,false,,,,,,1339.0,1339.0,0.0,,0.0,,,,,,0.0,,,,,,,,,,,,,,,,,,,,,,,,,0.0,,0.0,,,,,,,,,,,,,,,,,,,,,,,,,,,0.0,0.0,0.0,,,,,,,,,,,,,,,,,,,,,""
14704434771,"Jun 5, 2025, 12:40:23 PM","Jefit - Back, Upper Legs",Weight Training,"2 Exercises performed, 5380 lbs weight lifted
Barbell Deadlift
Set 1: 95 lbs x 8
Set 2: 95 lbs x 8
Set 3: 95 lbs x 8
Machine Leg Press
Set 1: 90 lbs x 10
Set 2: 100 lbs x 10
Set 3: 120 lbs x 10",3220,0,,,false,,,,,,3220.0,3220.0,0.0,,0.0,,,,,,0.0,,,,,,,,,,,,,,,,,,,,,,,,,0.0,,0.0,,,,,,,,,,,,,,,,,,,,,,,,,,,0.0,0.0,0.0,,,,,,,,,,,,,,,,,,,,,""
14672327205,"Jun 2, 2025, 12:41:13 PM","Jefit - Chest, Shoulders",Weight Training,"2 Exercises performed, 2960 lbs weight lifted
Barbell Bench Press
Set 1: 85 lbs x 12
Set 2: 95 lbs x 8
Set 3: 95 lbs x 8
Dumbbell Shoulder Press
Set 1: 17.5 lbs x 8
Set 2: 17.5 lbs x 8
Set 3: 17.5 lbs x 8",2781,0,,,false,,,,,,2781.0,2781.0,0.0,,0.0,,,,,,0.0,,,,,,,,,,,,,,,,,,,,,,,,,0.0,,0.0,,,,,,,,,,,,,,,,,,,,,,,,,,,0.0,0.0,0.0,,,,,,,,,,,,,,,,,,,,,""
14647013059,"May 31, 2025, 2:05:22 AM",Night Ride,Ride,"",541,1.97,,,false,,,activities/14647013059.gpx,,,541.0,479.0,1975.9,7.96,4.125,0.0,20.6,81.2,102.3,0.4,-1.1,,,,,,,,45.0,24.0,,,,,,,,,,,,,,,,0.0,,1.0,,1748656768.0,3.0,15.9,14.2,10.9,0.72,999.2,3.3,7.7,309.0,0.0,1748598016.0,1748652672.0,0.125,,,0.37,5.0,0.95,26612.0,0.0,,,,,0.0,3.652,0.0,,,,,,,,,,,,,,,,,,,,,""
14641085016,"May 30, 2025, 12:14:15 PM","Jefit - Chest, Shoulders, Back",Weight Training,"3 Exercises performed, 4660 lbs weight lifted
Barbell Bench Press
Set 1: 65 lbs x 12
Set 2: 95 lbs x 8
Set 3: 95 lbs x 8
Dumbbell Lateral Raise
Set 1: 10 lbs x 10
Set 2: 10 lbs x 10
Set 3: 10 lbs x 8
Set 4: 10 lbs x 8
Cable Lat Pulldown (Wide Grip)
Set 1: 60 lbs x 10
Set 2: 70 lbs x 10
Set 3: 70 lbs x 10",2902,0,,,false,,,,,,2902.0,2902.0,0.0,,0.0,,,,,,0.0,,,,,,,,,,,,,,,,,,,,,,,,,0.0,,0.0,,,,,,,,,,,,,,,,,,,,,,,,,,,0.0,0.0,0.0,,,,,,,,,,,,,,,,,,,,,""
14605622825,"May 26, 2025, 10:51:17 PM","Jefit - Cardio, Back, Chest, Upper Legs",Weight Training,"5 Exercises performed
Treadmill Running
Set 1: 00:20:00
Pull-Up
Set 1: 5 reps
Set 2: 5 reps
Set 3: 5 reps
Set 4: 5 reps
Set 5: 5 reps
Set 6: 5 reps
Set 7: 5 reps
Set 8: 5 reps
Set 9: 5 reps
Set 10: 5 reps
Push-Up
Set 1: 10 reps
Set 2: 10 reps
Set 3: 10 reps
Set 4: 10 reps
Set 5: 10 reps
Set 6: 10 reps
Set 7: 10 reps
Set 8: 10 reps
Set 9: 10 reps
Set 10: 10 reps
Bodyweight Squat
Set 1: 15 reps
Set 2: 15 reps
Set 3: 15 reps
Set 4: 15 reps
Set 5: 15 reps
Set 6: 15 reps
Set 7: 15 reps
Set 8: 15 reps
Set 9: 15 reps
Set 10: 15 reps
Treadmill Running
Set 1: 00:20:00",4792,0,,,false,,,,,,4792.0,4792.0,0.0,,0.0,,,,,,0.0,,,,,,,,,,,,,,,,,,,,,,,,,0.0,,0.0,,,,,,,,,,,,,,,,,,,,,,,,,,,0.0,0.0,0.0,,,,,,,,,,,,,,,,,,,,,""
14605641640,"May 26, 2025, 10:38:30 PM",Half Murph Complete!!!!,Run,"How did the half Murphy challenge. 

Lieutenant Michael P. Murphy, a Navy SEAL who gave his life in Afghanistan during Operation Red Wings in 2005",5661,2.53,,,false,,Adidas ULTRA BOOST LIGHT,activities/14605641640.gpx,,,5661.0,1245.0,2537.0,4.2,2.038,2.1,2.3,76.1,78.6,5.9,0.0,,,,,,,,,228.0,,,,,,,,,8.0,,,,,0.0,53.0,0.0,,1.0,2542.3,1748296960.0,1.0,19.5,20.3,9.1,0.51,1024.8,2.3,3.8,191.0,0.0,1748252544.0,1748306816.0,0.875,,19694088.0,0.0,1.0,0.27,32269.7,2.0,,,,,0.0,0.448,390.8,,,,2436.0,,,,,2.042,,,,,,,,,,,,media/85FBFC95-6FB6-4EFF-AD61-4AA64456B973.jpg|media/C8BB31F1-DC25-4082-9DC4-D0E04E040FE6.jpg|media/A237E178-1906-4061-BD05-1F3CD58932F8.mp4|media/2E2AEF65-DB69-4585-8FEA-B3CE0F6B6613.jpg|media/68207E5C-A2F4-4187-96EB-956A68364ADA.jpg
14593455192,"May 24, 2025, 9:17:58 PM",Afternoon Ride,Ride,"",16048,4.97,,,false,,,activities/14593455192.gpx,,,16048.0,1372.0,4975.3,16.38,3.626,24.7,20.5,78.2,103.0,9.0,0.1,,,,,,,,90.0,137.0,,,,,,,,,,,,,,,,0.0,,1.0,,1748120448.0,3.0,15.8,10.6,8.0,0.6,1018.6,5.9,10.7,314.0,0.0,1748079872.0,1748133888.0,0.875,,,0.32,5.0,0.96,24819.0,3.0,,,,,0.0,0.31,0.0,,,,,,,,,,,,,,,,,,,,,""
14575296725,"May 24, 2025, 1:52:36 AM",Night Ride,Ride,"",545,2.11,,,false,,,activities/14575296725.gpx,,,545.0,473.0,2112.5,13.64,4.466,0.0,15.5,81.0,97.0,3.7,-0.7,,,,,,,,89.0,47.0,,,,,,,,,,,,,,,,0.0,,1.0,,1748048384.0,3.0,9.4,7.3,7.1,0.86,1012.3,3.2,7.4,293.0,0.0,1747993472.0,1748047488.0,0.875,,,0.95,5.0,1.0,20003.0,0.0,,,,,0.0,3.876,0.0,,,,,,,,,,,,,,,,,,,,,media/9F6C9D02-D6D6-4E86-AC0B-7ACEB18E28D7.jpg
14575240279,"May 24, 2025, 1:15:53 AM","Jefit - Chest, Shoulders",Weight Training,"2 Exercises performed, 2380 lbs weight lifted
Barbell Bench Press
Set 1: 65 lbs x 12
Set 2: 85 lbs x 8
Set 3: 85 lbs x 8
Dumbbell Lateral Raise
Set 1: 5 lbs x 12
Set 2: 5 lbs x 12
Set 3: 5 lbs x 12
Set 4: 5 lbs x 12",1630,0,,,false,,,,,,1630.0,1630.0,0.0,,0.0,,,,,,0.0,,,,,,,,,,,,,,,,,,,,,,,,,0.0,,0.0,,,,,,,,,,,,,,,,,,,,,,,,,,,0.0,0.0,0.0,,,,,,,,,,,,,,,,,,,,,""
14564185360,"May 22, 2025, 7:23:18 PM","Jefit - Chest, Back",Weight Training,"3 Exercises performed, 2000 lbs weight lifted
Dumbbell Incline Bench Press
Set 1: 22.5 lbs x 8
Set 2: 30 lbs x 12
Set 3: 40 lbs x 8
Cable Rope Face Pull
Set 1: 35 lbs x 12
Dumbbell Incline Bench Row
Set 1: 20 lbs x 12
Set 2: 20 lbs x 12
Set 3: 20 lbs x 12",2280,0,,,false,,,,,,2280.0,2280.0,0.0,,0.0,,,,,,0.0,,,,,,,,,,,,,,,,,,,,,,,,,0.0,,0.0,,,,,,,,,,,,,,,,,,,,,,,,,,,0.0,0.0,0.0,,,,,,,,,,,,,,,,,,,,,""
14513206689,"May 17, 2025, 11:37:20 PM",Evening Ride,Ride,"",564,2.15,,,true,,,activities/14513206689.gpx,,,564.0,541.0,2154.1,9.08,3.982,0.0,0.0,81.6,102.9,1.4,-1.0,,,,,,,,54.0,32.0,,,,,,,,,,,,,,,,1.0,,1.0,,1747522816.0,3.0,15.7,10.2,7.9,0.6,999.8,6.7,12.6,272.0,0.0,1747475456.0,1747528704.0,0.625,,,0.79,5.0,1.0,31228.0,0.0,,,,,0.0,3.819,0.0,,,,,0.47,,,,,,,,,,,,,,,,""
14503642385,"May 17, 2025, 1:48:57 AM",Night Run w/lil bro,Run,"",1010,1.83,,,false,,Adidas ULTRA BOOST LIGHT,activities/14503642385.gpx,,,1010.0,855.0,1838.9,3.92,2.151,17.4,17.4,153.7,164.1,7.0,-0.1,,,,,,,,,167.0,,,,,,,,,3.0,,,,,0.0,7.0,0.0,,1.0,1861.3,1747443584.0,3.0,20.9,20.5,10.6,0.52,1002.0,2.1,3.7,228.0,0.0,1747389056.0,1747442176.0,0.625,,19694088.0,0.63,5.0,0.89,36345.0,0.0,,,,,0.0,1.821,0.0,,,,1880.0,,,,,2.177,,,,,,,,,,,,media/44E048A9-FE81-4B82-913A-1A771C35340D.jpg
14503280293,"May 16, 2025, 11:48:06 PM",Evening Ride,Ride,"",3955,6.67,,,false,,,activities/14503280293.gpx,,,3955.0,2562.0,6675.1,6.36,2.605,8.0,8.0,80.9,101.8,4.8,-0.3,,,,,,,,63.0,181.0,,,,,,,,,,,,,,,,0.0,,1.0,,1747436416.0,1.0,23.6,24.0,12.9,0.51,1002.4,2.7,6.4,230.0,0.0,1747389056.0,1747442304.0,0.625,,,0.62,5.0,0.33,26875.0,0.0,,,,,0.0,1.688,163.7,,,,,,,,,,,,,,,,,,,,,""
14460035847,"May 12, 2025, 8:07:06 PM",Afternoon Run,Run,Pls come with me 😁,986,2.10,,,false,,Adidas ULTRA BOOST LIGHT,activities/14460035847.gpx,,,986.0,906.0,2105.3,3.62,2.324,4.2,4.2,110.0,114.8,2.9,0.0,,,,,,,,,189.0,,,,,,,,,,,,,,,,0.0,,1.0,2106.8,1747079936.0,3.0,20.9,19.3,4.9,0.35,1019.0,2.4,3.8,162.0,0.0,1747043712.0,1747096448.0,0.375,,19694088.0,0.0,1.0,0.99,56433.0,4.0,,,,,0.0,2.135,0.0,,,,2110.0,,,,,2.325,,,,,,,,,,,,""
14425984030,"May 9, 2025, 12:00:15 PM",Birthday Morning 5K!,Run,10/10. First time running in the city in the morning. Perfect start to 21,8247,4.71,,,false,,Adidas ULTRA BOOST LIGHT,activities/14425984030.gpx,,,8247.0,1917.0,4718.9,5.66,2.462,24.1,21.9,93.2,115.1,18.5,0.0,,,,,,,,,425.0,,,,,,,,,7.0,,,,,0.0,61.0,0.0,,1.0,4741.1,1746791936.0,1.0,7.1,7.5,0.5,0.63,1021.2,2.6,5.8,6.0,0.0,1746784768.0,1746836992.0,0.375,,19694088.0,0.0,1.0,0.2,28963.0,1.0,,,,,0.0,0.572,0.0,,,,4596.0,,,,,2.473,,,,,,,,,,,,media/20BC35DF-C46B-499C-BE78-B8F9BAB828A2.jpg|media/3A7EE593-0DD5-4F69-921C-F104DE1B27AA.jpg|media/894C9600-00F9-464B-9DF5-100BA39CBB4A.jpg|media/2F19A543-F680-46C3-B8F4-057DD0F85270.jpg
14421131071,"May 9, 2025, 12:18:02 AM",Evening Ride,Ride,"",868,3.49,,,false,,,activities/14421131071.gpx,,,868.0,745.0,3490.4,16.32,4.685,0.0,0.0,81.1,108.7,2.5,-0.8,,,,,,,,61.0,51.0,,,,,,,,,6.0,,,,,0.0,19.0,0.0,,1.0,,,,,,,,,,,,,,,,,,,,,,,,,,,0.0,4.021,0.0,,,,,,,,,,,,,,,,,,,,,""
14411018621,"May 8, 2025, 12:15:08 AM",It’s brown boy summer 💪,Ride,"",1901,2.61,,,false,,,activities/14411018621.gpx,,,1901.0,755.0,2609.7,9.64,3.457,10.8,10.8,93.3,104.5,19.5,0.0,,,,,,,,54.0,46.0,,,,,,,,,,,,,,,,0.0,,1.0,,,,,,,,,,,,,,,,,,,,,,,,,,,0.0,1.373,7.0,,,,,,,,,,,,,,,,,,,,,""
14410820453,"May 7, 2025, 11:13:38 PM",Evening Run,Run,"",3609,6.29,,,false,,Adidas ULTRA BOOST LIGHT,activities/14410820453.gpx,,,3609.0,3591.0,6290.6,4.62,1.752,14.5,14.5,102.8,118.8,6.1,-0.1,,,,,,,,,565.0,,,,,,,,,6.0,,,,,0.0,94.0,0.0,,1.0,6295.0,,,,,,,,,,,,,,,,19694088.0,,,,,,,,,,0.0,1.743,393.6,,,,6196.0,,,,,1.753,,,,,,,,,,,,media/BF2AF885-2788-42FE-AF2F-95C66EA52F37.jpg
14286861067,"Apr 26, 2025, 1:38:36 AM",Night Ride,Ride,"",683,2.84,,,true,,,activities/14286861067.gpx,,,683.0,614.0,2844.3,13.2,4.632,0.0,0.0,80.5,110.1,8.4,-1.0,,,,,,,,63.0,43.0,,,,,,,,,5.0,,,,,0.0,11.0,1.0,,1.0,,,,,,,,,,,,,,,,,,,,,,,,,,,0.0,4.164,0.0,,,,,0.62,,,,,,,,,,,,,,,,""
13234723098,"Dec 31, 2024, 9:30:36 PM",Afternoon Ride,Ride,,818,2.08,,,true,,,activities/13234723098.gpx,,,818.0,616.0,2086.4,8.14,3.387,0.0,20.7,81.9,102.7,2.3,-1.0,,,,,,,,48.0,33.0,,,,,,,,,,,,,,,,1.0,,1.0,,,,,,,,,,,,,,,,,,,,,,,,,,,0.0,2.551,0.0,,,,,0.45,,,,,,,,,,,,,,,,""
12711370594,"Oct 21, 2024, 11:52:36 AM",Around the World: Toronto on a City Bike,Ride,"First 50K 💪
Beautiful views! 

Feelin like taking over the world!!!
I thought this would be easier. 100% worth it!",26634,50.15,,,false,,,activities/12711370594.gpx,,,26634.0,12728.0,50151.8,12.047,3.94,175.4,234.5,76.4,177.4,8.3,-0.1,,,,,,,,49.0,694.0,,,,,,,,,8.0,,,,,0.0,548.0,0.0,,1.0,,,,,,,,,,,,,,,,,,,,,,,,,,,0.0,1.883,810.4,,,,,,,,,,,,,,,,,,,,,media/f269ff71-e1cd-4c80-84a8-b3e75f70ca81.jpg|media/a5058db6-9985-4425-a5ae-e0c424d57cc0.jpg|media/de9e1547-aa34-4e27-9132-1930a2ba5435.jpg|media/49730513-1ef1-4da6-9e1b-f203ecaf25c6.jpg|media/a6a1c1a5-14f7-4991-90ad-4060db89406d.jpg|media/f292f6e8-d1b0-4300-8b7b-c22732da8cf0.jpg|media/9f99fa0c-58b8-4ee6-a6cb-69b5d997a423.jpg|media/5cc4ca07-2bfa-4904-bd1b-5251bbc03ab0.jpg
12681832088,"Oct 18, 2024, 1:07:01 AM",Night Ride,Ride,,376,2.15,,,false,,,activities/12681832088.gpx,,,376.0,376.0,2156.3,9.86,5.735,0.0,20.0,81.1,101.4,1.9,-0.9,,,,,,,,63.0,26.0,,,,,,,,,,,,,,0.0,,0.0,,1.0,,,,,,,,,,,,,,,,,,,,,,,,,,,0.0,5.735,0.0,,,,,,,,,,,,,,,,,,,,,""
12580848729,"Oct 5, 2024, 1:44:57 PM",Young Street mission w/future nurses,Ride,,1636,4.71,,,false,,,activities/12580848729.gpx,,,1636.0,1636.0,4710.4,7.314,2.879,14.8,14.8,102.8,110.3,3.8,0.0,,,,,,,,35.0,65.0,,,,,,,,,9.0,,,,,0.0,81.0,0.0,,1.0,,,,,,,,,,,,,,,,,,,,,,,,,,,0.0,2.879,4.8,,,,,,,,,,,,,,,,,,,,,media/69197a2f-d5fe-45b9-9804-516d05bef404.jpg|media/0944f8f8-515b-4aa0-b7df-362127918a92.jpg
12544562994,"Oct 1, 2024, 1:15:05 AM",Night stroll through the city,Ride,,1529,4.89,,,false,,,activities/12544562994.gpx,,,1529.0,1292.0,4894.7,14.502,3.788,10.1,10.1,78.7,108.0,10.8,-0.4,,,,,,,,53.0,76.0,,,,,,,,,3.0,,,,,0.0,10.0,0.0,,1.0,,,,,,,,,,,,,,,,,,,,,,,,,,,0.0,3.201,0.0,,,,,,,,,,,,,,,,,,,,,media/603b885e-4a44-4fde-b673-eab9930e64d1.jpg
12532392645,"Sep 29, 2024, 12:06:58 PM",Bimbo 10K,Run,"With the homies, almost got cooked, but made it out alive",3827,10.12,,,false,,Adidas ULTRA BOOST LIGHT,activities/12532392645.gpx,,,3827.0,3774.0,10126.7,4.172,2.683,2.5,2.3,75.7,78.4,4.6,0.0,,,,,,,,,910.0,,,,,,,,,9.0,,,,,0.0,188.0,0.0,,1.0,10141.6,,,,,,,,,,,,,,,,19694088.0,,,,,,,,,,0.0,2.646,5814.9,,,,,,,,,2.687,,,,,,,,,,,,media/1102f704-255d-44f0-984f-36a46566dc5b.jpg|media/4a5a87f2-9905-4d7f-a852-a3f62ffe428b.jpg|media/e4d4153c-36fc-42c2-9fc3-f0c93d9df496.jpg
12518299566,"Sep 27, 2024, 7:59:47 PM",Afternoon Ride,Ride,,889,2.98,,,true,,,activities/12518299566.gpx,,,889.0,733.0,2979.9,8.04,4.065,21.4,21.4,85.2,107.0,2.9,0.7,,,,,,,,71.0,58.0,,,,,,,,,4.0,,,,,0.0,8.0,1.0,,1.0,,,,,,,,,,,,,,,,,,,,,,,,,,,0.0,3.352,0.0,,,,,0.65,,,,,,,,,,,,,,,,""
12512666312,"Sep 27, 2024, 12:55:58 AM",Evening Run,Run,,366,1.05,,,false,,Adidas ULTRA BOOST LIGHT,activities/12512666312.gpx,,,366.0,366.0,1052.5,4.78,2.876,0.0,0.0,108.6,110.2,3.7,0.0,,,,,,,,,95.0,,,,,,,,,,,,,,0.0,,0.0,,1.0,1054.9,,,,,,,,,,,,,,,,19694088.0,,,,,,,,,,0.0,2.876,0.0,,,,,,,,,2.882,,,,,,,,,,,,""
12505259440,"Sep 26, 2024, 1:19:06 AM",Night Ride,Ride,,563,1.60,,,true,,,activities/12505259440.gpx,,,563.0,554.0,1608.9,7.382,2.904,14.0,14.0,100.8,115.3,3.2,0.9,,,,,,,,98.0,60.0,,,,,,,,,,,,,,0.0,,1.0,,1.0,,,,,,,,,,,,,,,,,,,,,,,,,,,0.0,2.858,0.0,,,,,0.35,,,,,,,,,,,,,,,,""
12504841093,"Sep 25, 2024, 11:14:57 PM",Evening Run,Run,"@marcuz
Uoft run club",2319,5.05,,,false,,,activities/12504841093.gpx,,,2319.0,1823.0,5053.6,8.194,2.772,24.8,24.8,84.3,109.2,6.1,0.0,,,,,,,,,499.0,,,,,,,,,4.0,,,,,0.0,20.0,0.0,,1.0,5072.5,,,,,,,,,,,,,,,,,,,,,,,,,,0.0,2.179,33.0,,,,,,,,,2.783,,,,,,,,,,,,media/3d8eb90c-1b86-4fe9-b326-050ed467a071.jpg
12496648004,"Sep 24, 2024, 11:11:32 PM",Evening Run,Run,Training with the blue devils,2833,3.83,,,false,,,activities/12496648004.gpx,,,2833.0,1443.0,3835.1,8.048,2.658,42.4,42.4,80.4,97.0,15.1,0.4,,,,,,,,,388.0,,,,,,,,,,,,,,0.0,,0.0,,1.0,3948.0,,,,,,,,,,,,,,,,,,,,,,,,,,0.0,1.354,0.0,,,,,,,,,2.736,,,,,,,,,,,,""
12496270393,"Sep 24, 2024, 10:47:54 PM",Evening Ride,Ride,On a city bike,656,2.53,,,false,,,activities/12496270393.gpx,,,656.0,612.0,2531.5,6.772,4.136,2.7,2.7,88.6,96.3,3.9,-0.2,,,,,,,,49.0,33.0,,,,,,,,,,,,,,0.0,,0.0,,1.0,,,,,,,,,,,,,,,,,,,,,,,,,,,0.0,3.859,0.0,,,,,,,,,,,,,,,,,,,,,""
12488263048,"Sep 24, 2024, 12:58:06 AM",Evening Ride,Ride,,876,2.69,,,false,,,activities/12488263048.gpx,,,876.0,732.0,2692.7,9.776,3.679,0.0,0.0,79.8,103.3,1.3,-0.9,,,,,,,,44.0,36.0,,,,,,,,,,,,,,0.0,,0.0,,1.0,,,,,,,,,,,,,,,,,,,,,,,,,,,0.0,3.074,0.0,,,,,,,,,,,,,,,,,,,,,""
12487881252,"Sep 23, 2024, 11:09:25 PM",Evening Run,Run,,2719,5.04,,,false,,,activities/12487881252.gpx,,,2719.0,2718.0,5046.0,6.108,1.857,24.8,24.8,84.3,109.2,7.4,0.0,,,,,,,,,497.0,,,,,,,,,,,,,,0.0,,0.0,,1.0,5060.4,,,,,,,,,,,,,,,,,,,,,,,,,,0.0,1.856,0.0,,,,,,,,,1.862,,,,,,,,,,,,""
12446369376,"Sep 18, 2024, 11:15:36 PM",Night run,Run,,2344,5.25,,,false,,,activities/12446369376.gpx,,,2344.0,1985.0,5254.3,5.707,2.647,14.8,14.8,107.4,119.1,12.2,0.0,,,,,,,,,519.0,,,,,,,,,,,,,,0.0,,0.0,,1.0,5277.0,,,,,,,,,,,,,,,,,,,,,,,,,,0.0,2.242,375.6,,,,,,,,,2.658,,,,,,,,,,,,media/ddbb5061-c6b7-4b9b-9f49-bcc8d3f2f788.jpg
12428701147,"Sep 16, 2024, 11:12:01 PM",Run with the gang,Run,Uoft run [strava://clubs/338908/37]University of Toronto Run Club (UTRC) ,3197,5.62,,,false,,,activities/12428701147.gpx,,,3197.0,3196.0,5625.6,6.416,1.76,17.7,17.7,108.0,119.1,10.2,0.0,,,,,,,,,555.0,,,,,,,,,,,,,,0.0,,0.0,,1.0,5643.5,,,,,,,,,,,,,,,,,,,,,,,,,,0.0,1.76,151.3,,,,,,,,,1.766,,,,,,,,,,,,""
12064751685,"Aug 5, 2024, 12:17:38 AM",Sunday Evening Run with Runna ✅,Run,,320,0.68,,,false,,,activities/12860519426.fit.gz,,,320.0,240.0,680.6,4.938,2.836,4.8,0.0,166.8,172.1,3.2,0.8,,,,0.0,,0.0,,,68.0,,,,,,,,,,,,,,,,0.0,,1.0,696.5,,,,,,,,,,,,,,,,,,,,,,,,,,0.0,2.127,0.0,,,,,,,,,2.902,,,,,,,,,,,,""
11952611313,"Jul 22, 2024, 3:37:34 PM",Monday Evening Run with Runna ✅,Run,,662,0.49,,,false,,,activities/12743911531.fit.gz,,,662.0,153.0,490.2,11.504,3.204,5.7,6.0,2.4,9.0,8.3,0.0,,,,0.0,,,,,49.0,,,,,,,,,,,,,,,,0.0,,1.0,501.0,,,,,,,,,,,,,,,,,,,,,,,,,,0.0,0.74,0.0,,,,,,,,,3.275,,,,,,,,,,,,""
11821742885,"Jul 6, 2024, 10:34:47 AM",5K Hike Haifa,Hike,"",9336,382.75,,,false,"",,activities/11821742885.gpx,,,9336.0,6811.0,382749.0,226.171,56.196,156.6,110.7,-2.3,274.8,35.6,0.1,,,,,,,,,34330.0,,,,,,,,,,,,,,,,0.0,,1.0,,,,,,,,,,,,,,,,,,,,,,,,,,,1.0,40.997,4289.7,,,,9938.0,0.0,,,,,,,0.0,0.0,,,,0.0,,,,media/5895B67E-01CA-4B33-9EE4-EAA6439CE600.jpg
